/home/gurkirat/flocafe-matrix-tmp/tmp/appimage_extracted_4f09b7978c0c0f2230a3d5114d2ea9dc/.DirIcon
/home/gurkirat/flocafe-matrix-tmp/tmp/appimage_extracted_4f09b7978c0c0f2230a3d5114d2ea9dc/AppRun
/home/gurkirat/flocafe-matrix-tmp/tmp/appimage_extracted_4f09b7978c0c0f2230a3d5114d2ea9dc/LICENSE.electron.txt
/home/gurkirat/flocafe-matrix-tmp/tmp/appimage_extracted_4f09b7978c0c0f2230a3d5114d2ea9dc/LICENSES.chromium.html
/home/gurkirat/flocafe-matrix-tmp/tmp/appimage_extracted_4f09b7978c0c0f2230a3d5114d2ea9dc/chrome-sandbox
/home/gurkirat/flocafe-matrix-tmp/tmp/appimage_extracted_4f09b7978c0c0f2230a3d5114d2ea9dc/chrome_100_percent.pak
/home/gurkirat/flocafe-matrix-tmp/tmp/appimage_extracted_4f09b7978c0c0f2230a3d5114d2ea9dc/chrome_200_percent.pak
/home/gurkirat/flocafe-matrix-tmp/tmp/appimage_extracted_4f09b7978c0c0f2230a3d5114d2ea9dc/chrome_crashpad_handler
/home/gurkirat/flocafe-matrix-tmp/tmp/appimage_extracted_4f09b7978c0c0f2230a3d5114d2ea9dc/flocafe
/home/gurkirat/flocafe-matrix-tmp/tmp/appimage_extracted_4f09b7978c0c0f2230a3d5114d2ea9dc/flocafe.desktop
/home/gurkirat/flocafe-matrix-tmp/tmp/appimage_extracted_4f09b7978c0c0f2230a3d5114d2ea9dc/flocafe.png
/home/gurkirat/flocafe-matrix-tmp/tmp/appimage_extracted_4f09b7978c0c0f2230a3d5114d2ea9dc/icudtl.dat
/home/gurkirat/flocafe-matrix-tmp/tmp/appimage_extracted_4f09b7978c0c0f2230a3d5114d2ea9dc/libEGL.so
/home/gurkirat/flocafe-matrix-tmp/tmp/appimage_extracted_4f09b7978c0c0f2230a3d5114d2ea9dc/libGLESv2.so
/home/gurkirat/flocafe-matrix-tmp/tmp/appimage_extracted_4f09b7978c0c0f2230a3d5114d2ea9dc/libffmpeg.so
/home/gurkirat/flocafe-matrix-tmp/tmp/appimage_extracted_4f09b7978c0c0f2230a3d5114d2ea9dc/libvk_swiftshader.so
/home/gurkirat/flocafe-matrix-tmp/tmp/appimage_extracted_4f09b7978c0c0f2230a3d5114d2ea9dc/libvulkan.so.1
/home/gurkirat/flocafe-matrix-tmp/tmp/appimage_extracted_4f09b7978c0c0f2230a3d5114d2ea9dc/locales
/home/gurkirat/flocafe-matrix-tmp/tmp/appimage_extracted_4f09b7978c0c0f2230a3d5114d2ea9dc/locales/af.pak
/home/gurkirat/flocafe-matrix-tmp/tmp/appimage_extracted_4f09b7978c0c0f2230a3d5114d2ea9dc/locales/am.pak
/home/gurkirat/flocafe-matrix-tmp/tmp/appimage_extracted_4f09b7978c0c0f2230a3d5114d2ea9dc/locales/ar.pak
/home/gurkirat/flocafe-matrix-tmp/tmp/appimage_extracted_4f09b7978c0c0f2230a3d5114d2ea9dc/locales/bg.pak
/home/gurkirat/flocafe-matrix-tmp/tmp/appimage_extracted_4f09b7978c0c0f2230a3d5114d2ea9dc/locales/bn.pak
/home/gurkirat/flocafe-matrix-tmp/tmp/appimage_extracted_4f09b7978c0c0f2230a3d5114d2ea9dc/locales/ca.pak
/home/gurkirat/flocafe-matrix-tmp/tmp/appimage_extracted_4f09b7978c0c0f2230a3d5114d2ea9dc/locales/cs.pak
/home/gurkirat/flocafe-matrix-tmp/tmp/appimage_extracted_4f09b7978c0c0f2230a3d5114d2ea9dc/locales/da.pak
/home/gurkirat/flocafe-matrix-tmp/tmp/appimage_extracted_4f09b7978c0c0f2230a3d5114d2ea9dc/locales/de.pak
/home/gurkirat/flocafe-matrix-tmp/tmp/appimage_extracted_4f09b7978c0c0f2230a3d5114d2ea9dc/locales/el.pak
/home/gurkirat/flocafe-matrix-tmp/tmp/appimage_extracted_4f09b7978c0c0f2230a3d5114d2ea9dc/locales/en-GB.pak
/home/gurkirat/flocafe-matrix-tmp/tmp/appimage_extracted_4f09b7978c0c0f2230a3d5114d2ea9dc/locales/en-US.pak
/home/gurkirat/flocafe-matrix-tmp/tmp/appimage_extracted_4f09b7978c0c0f2230a3d5114d2ea9dc/locales/es-419.pak
/home/gurkirat/flocafe-matrix-tmp/tmp/appimage_extracted_4f09b7978c0c0f2230a3d5114d2ea9dc/locales/es.pak
/home/gurkirat/flocafe-matrix-tmp/tmp/appimage_extracted_4f09b7978c0c0f2230a3d5114d2ea9dc/locales/et.pak
/home/gurkirat/flocafe-matrix-tmp/tmp/appimage_extracted_4f09b7978c0c0f2230a3d5114d2ea9dc/locales/fa.pak
/home/gurkirat/flocafe-matrix-tmp/tmp/appimage_extracted_4f09b7978c0c0f2230a3d5114d2ea9dc/locales/fi.pak
/home/gurkirat/flocafe-matrix-tmp/tmp/appimage_extracted_4f09b7978c0c0f2230a3d5114d2ea9dc/locales/fil.pak
/home/gurkirat/flocafe-matrix-tmp/tmp/appimage_extracted_4f09b7978c0c0f2230a3d5114d2ea9dc/locales/fr.pak
/home/gurkirat/flocafe-matrix-tmp/tmp/appimage_extracted_4f09b7978c0c0f2230a3d5114d2ea9dc/locales/gu.pak
/home/gurkirat/flocafe-matrix-tmp/tmp/appimage_extracted_4f09b7978c0c0f2230a3d5114d2ea9dc/locales/he.pak
/home/gurkirat/flocafe-matrix-tmp/tmp/appimage_extracted_4f09b7978c0c0f2230a3d5114d2ea9dc/locales/hi.pak
/home/gurkirat/flocafe-matrix-tmp/tmp/appimage_extracted_4f09b7978c0c0f2230a3d5114d2ea9dc/locales/hr.pak
/home/gurkirat/flocafe-matrix-tmp/tmp/appimage_extracted_4f09b7978c0c0f2230a3d5114d2ea9dc/locales/hu.pak
/home/gurkirat/flocafe-matrix-tmp/tmp/appimage_extracted_4f09b7978c0c0f2230a3d5114d2ea9dc/locales/id.pak
/home/gurkirat/flocafe-matrix-tmp/tmp/appimage_extracted_4f09b7978c0c0f2230a3d5114d2ea9dc/locales/it.pak
/home/gurkirat/flocafe-matrix-tmp/tmp/appimage_extracted_4f09b7978c0c0f2230a3d5114d2ea9dc/locales/ja.pak
/home/gurkirat/flocafe-matrix-tmp/tmp/appimage_extracted_4f09b7978c0c0f2230a3d5114d2ea9dc/locales/kn.pak
/home/gurkirat/flocafe-matrix-tmp/tmp/appimage_extracted_4f09b7978c0c0f2230a3d5114d2ea9dc/locales/ko.pak
/home/gurkirat/flocafe-matrix-tmp/tmp/appimage_extracted_4f09b7978c0c0f2230a3d5114d2ea9dc/locales/lt.pak
/home/gurkirat/flocafe-matrix-tmp/tmp/appimage_extracted_4f09b7978c0c0f2230a3d5114d2ea9dc/locales/lv.pak
/home/gurkirat/flocafe-matrix-tmp/tmp/appimage_extracted_4f09b7978c0c0f2230a3d5114d2ea9dc/locales/ml.pak
/home/gurkirat/flocafe-matrix-tmp/tmp/appimage_extracted_4f09b7978c0c0f2230a3d5114d2ea9dc/locales/mr.pak
/home/gurkirat/flocafe-matrix-tmp/tmp/appimage_extracted_4f09b7978c0c0f2230a3d5114d2ea9dc/locales/ms.pak
/home/gurkirat/flocafe-matrix-tmp/tmp/appimage_extracted_4f09b7978c0c0f2230a3d5114d2ea9dc/locales/nb.pak
/home/gurkirat/flocafe-matrix-tmp/tmp/appimage_extracted_4f09b7978c0c0f2230a3d5114d2ea9dc/locales/nl.pak
/home/gurkirat/flocafe-matrix-tmp/tmp/appimage_extracted_4f09b7978c0c0f2230a3d5114d2ea9dc/locales/pl.pak
/home/gurkirat/flocafe-matrix-tmp/tmp/appimage_extracted_4f09b7978c0c0f2230a3d5114d2ea9dc/locales/pt-BR.pak
/home/gurkirat/flocafe-matrix-tmp/tmp/appimage_extracted_4f09b7978c0c0f2230a3d5114d2ea9dc/locales/pt-PT.pak
/home/gurkirat/flocafe-matrix-tmp/tmp/appimage_extracted_4f09b7978c0c0f2230a3d5114d2ea9dc/locales/ro.pak
/home/gurkirat/flocafe-matrix-tmp/tmp/appimage_extracted_4f09b7978c0c0f2230a3d5114d2ea9dc/locales/ru.pak
/home/gurkirat/flocafe-matrix-tmp/tmp/appimage_extracted_4f09b7978c0c0f2230a3d5114d2ea9dc/locales/sk.pak
/home/gurkirat/flocafe-matrix-tmp/tmp/appimage_extracted_4f09b7978c0c0f2230a3d5114d2ea9dc/locales/sl.pak
/home/gurkirat/flocafe-matrix-tmp/tmp/appimage_extracted_4f09b7978c0c0f2230a3d5114d2ea9dc/locales/sr.pak
/home/gurkirat/flocafe-matrix-tmp/tmp/appimage_extracted_4f09b7978c0c0f2230a3d5114d2ea9dc/locales/sv.pak
/home/gurkirat/flocafe-matrix-tmp/tmp/appimage_extracted_4f09b7978c0c0f2230a3d5114d2ea9dc/locales/sw.pak
/home/gurkirat/flocafe-matrix-tmp/tmp/appimage_extracted_4f09b7978c0c0f2230a3d5114d2ea9dc/locales/ta.pak
/home/gurkirat/flocafe-matrix-tmp/tmp/appimage_extracted_4f09b7978c0c0f2230a3d5114d2ea9dc/locales/te.pak
/home/gurkirat/flocafe-matrix-tmp/tmp/appimage_extracted_4f09b7978c0c0f2230a3d5114d2ea9dc/locales/th.pak
/home/gurkirat/flocafe-matrix-tmp/tmp/appimage_extracted_4f09b7978c0c0f2230a3d5114d2ea9dc/locales/tr.pak
/home/gurkirat/flocafe-matrix-tmp/tmp/appimage_extracted_4f09b7978c0c0f2230a3d5114d2ea9dc/locales/uk.pak
/home/gurkirat/flocafe-matrix-tmp/tmp/appimage_extracted_4f09b7978c0c0f2230a3d5114d2ea9dc/locales/ur.pak
/home/gurkirat/flocafe-matrix-tmp/tmp/appimage_extracted_4f09b7978c0c0f2230a3d5114d2ea9dc/locales/vi.pak
/home/gurkirat/flocafe-matrix-tmp/tmp/appimage_extracted_4f09b7978c0c0f2230a3d5114d2ea9dc/locales/zh-CN.pak
/home/gurkirat/flocafe-matrix-tmp/tmp/appimage_extracted_4f09b7978c0c0f2230a3d5114d2ea9dc/locales/zh-TW.pak
/home/gurkirat/flocafe-matrix-tmp/tmp/appimage_extracted_4f09b7978c0c0f2230a3d5114d2ea9dc/resources
/home/gurkirat/flocafe-matrix-tmp/tmp/appimage_extracted_4f09b7978c0c0f2230a3d5114d2ea9dc/resources/app-update.yml
/home/gurkirat/flocafe-matrix-tmp/tmp/appimage_extracted_4f09b7978c0c0f2230a3d5114d2ea9dc/resources/app.asar
/home/gurkirat/flocafe-matrix-tmp/tmp/appimage_extracted_4f09b7978c0c0f2230a3d5114d2ea9dc/resources/app.asar.unpacked
/home/gurkirat/flocafe-matrix-tmp/tmp/appimage_extracted_4f09b7978c0c0f2230a3d5114d2ea9dc/resources/app.asar.unpacked/node_modules
/home/gurkirat/flocafe-matrix-tmp/tmp/appimage_extracted_4f09b7978c0c0f2230a3d5114d2ea9dc/resources/app.asar.unpacked/node_modules/better-sqlite3
/home/gurkirat/flocafe-matrix-tmp/tmp/appimage_extracted_4f09b7978c0c0f2230a3d5114d2ea9dc/resources/app.asar.unpacked/node_modules/better-sqlite3/LICENSE
/home/gurkirat/flocafe-matrix-tmp/tmp/appimage_extracted_4f09b7978c0c0f2230a3d5114d2ea9dc/resources/app.asar.unpacked/node_modules/better-sqlite3/deps
/home/gurkirat/flocafe-matrix-tmp/tmp/appimage_extracted_4f09b7978c0c0f2230a3d5114d2ea9dc/resources/app.asar.unpacked/node_modules/better-sqlite3/deps/common.gypi
/home/gurkirat/flocafe-matrix-tmp/tmp/appimage_extracted_4f09b7978c0c0f2230a3d5114d2ea9dc/resources/app.asar.unpacked/node_modules/better-sqlite3/deps/copy.js
/home/gurkirat/flocafe-matrix-tmp/tmp/appimage_extracted_4f09b7978c0c0f2230a3d5114d2ea9dc/resources/app.asar.unpacked/node_modules/better-sqlite3/deps/defines.gypi
/home/gurkirat/flocafe-matrix-tmp/tmp/appimage_extracted_4f09b7978c0c0f2230a3d5114d2ea9dc/resources/app.asar.unpacked/node_modules/better-sqlite3/deps/download.sh
/home/gurkirat/flocafe-matrix-tmp/tmp/appimage_extracted_4f09b7978c0c0f2230a3d5114d2ea9dc/resources/app.asar.unpacked/node_modules/better-sqlite3/deps/patches
/home/gurkirat/flocafe-matrix-tmp/tmp/appimage_extracted_4f09b7978c0c0f2230a3d5114d2ea9dc/resources/app.asar.unpacked/node_modules/better-sqlite3/deps/patches/1208.patch
/home/gurkirat/flocafe-matrix-tmp/tmp/appimage_extracted_4f09b7978c0c0f2230a3d5114d2ea9dc/resources/app.asar.unpacked/node_modules/better-sqlite3/deps/sqlite3
/home/gurkirat/flocafe-matrix-tmp/tmp/appimage_extracted_4f09b7978c0c0f2230a3d5114d2ea9dc/resources/app.asar.unpacked/node_modules/better-sqlite3/deps/sqlite3/sqlite3.c
/home/gurkirat/flocafe-matrix-tmp/tmp/appimage_extracted_4f09b7978c0c0f2230a3d5114d2ea9dc/resources/app.asar.unpacked/node_modules/better-sqlite3/deps/sqlite3/sqlite3.h
/home/gurkirat/flocafe-matrix-tmp/tmp/appimage_extracted_4f09b7978c0c0f2230a3d5114d2ea9dc/resources/app.asar.unpacked/node_modules/better-sqlite3/deps/sqlite3/sqlite3ext.h
/home/gurkirat/flocafe-matrix-tmp/tmp/appimage_extracted_4f09b7978c0c0f2230a3d5114d2ea9dc/resources/app.asar.unpacked/node_modules/better-sqlite3/deps/sqlite3.gyp
/home/gurkirat/flocafe-matrix-tmp/tmp/appimage_extracted_4f09b7978c0c0f2230a3d5114d2ea9dc/resources/app.asar.unpacked/node_modules/better-sqlite3/deps/test_extension.c
/home/gurkirat/flocafe-matrix-tmp/tmp/appimage_extracted_4f09b7978c0c0f2230a3d5114d2ea9dc/resources/app.asar.unpacked/node_modules/better-sqlite3/lib
/home/gurkirat/flocafe-matrix-tmp/tmp/appimage_extracted_4f09b7978c0c0f2230a3d5114d2ea9dc/resources/app.asar.unpacked/node_modules/better-sqlite3/lib/binding.js
/home/gurkirat/flocafe-matrix-tmp/tmp/appimage_extracted_4f09b7978c0c0f2230a3d5114d2ea9dc/resources/app.asar.unpacked/node_modules/better-sqlite3/lib/darwin-arm64.js
/home/gurkirat/flocafe-matrix-tmp/tmp/appimage_extracted_4f09b7978c0c0f2230a3d5114d2ea9dc/resources/app.asar.unpacked/node_modules/better-sqlite3/lib/darwin-x64.js
/home/gurkirat/flocafe-matrix-tmp/tmp/appimage_extracted_4f09b7978c0c0f2230a3d5114d2ea9dc/resources/app.asar.unpacked/node_modules/better-sqlite3/lib/database.js
/home/gurkirat/flocafe-matrix-tmp/tmp/appimage_extracted_4f09b7978c0c0f2230a3d5114d2ea9dc/resources/app.asar.unpacked/node_modules/better-sqlite3/lib/index.js
/home/gurkirat/flocafe-matrix-tmp/tmp/appimage_extracted_4f09b7978c0c0f2230a3d5114d2ea9dc/resources/app.asar.unpacked/node_modules/better-sqlite3/lib/linux-arm64.js
/home/gurkirat/flocafe-matrix-tmp/tmp/appimage_extracted_4f09b7978c0c0f2230a3d5114d2ea9dc/resources/app.asar.unpacked/node_modules/better-sqlite3/lib/linux-x64.js
/home/gurkirat/flocafe-matrix-tmp/tmp/appimage_extracted_4f09b7978c0c0f2230a3d5114d2ea9dc/resources/app.asar.unpacked/node_modules/better-sqlite3/lib/linuxmusl-arm64.js
/home/gurkirat/flocafe-matrix-tmp/tmp/appimage_extracted_4f09b7978c0c0f2230a3d5114d2ea9dc/resources/app.asar.unpacked/node_modules/better-sqlite3/lib/linuxmusl-x64.js
/home/gurkirat/flocafe-matrix-tmp/tmp/appimage_extracted_4f09b7978c0c0f2230a3d5114d2ea9dc/resources/app.asar.unpacked/node_modules/better-sqlite3/lib/methods
/home/gurkirat/flocafe-matrix-tmp/tmp/appimage_extracted_4f09b7978c0c0f2230a3d5114d2ea9dc/resources/app.asar.unpacked/node_modules/better-sqlite3/lib/methods/aggregate.js
/home/gurkirat/flocafe-matrix-tmp/tmp/appimage_extracted_4f09b7978c0c0f2230a3d5114d2ea9dc/resources/app.asar.unpacked/node_modules/better-sqlite3/lib/methods/backup.js
/home/gurkirat/flocafe-matrix-tmp/tmp/appimage_extracted_4f09b7978c0c0f2230a3d5114d2ea9dc/resources/app.asar.unpacked/node_modules/better-sqlite3/lib/methods/explain.js
/home/gurkirat/flocafe-matrix-tmp/tmp/appimage_extracted_4f09b7978c0c0f2230a3d5114d2ea9dc/resources/app.asar.unpacked/node_modules/better-sqlite3/lib/methods/function.js
/home/gurkirat/flocafe-matrix-tmp/tmp/appimage_extracted_4f09b7978c0c0f2230a3d5114d2ea9dc/resources/app.asar.unpacked/node_modules/better-sqlite3/lib/methods/inspect.js
/home/gurkirat/flocafe-matrix-tmp/tmp/appimage_extracted_4f09b7978c0c0f2230a3d5114d2ea9dc/resources/app.asar.unpacked/node_modules/better-sqlite3/lib/methods/pragma.js
/home/gurkirat/flocafe-matrix-tmp/tmp/appimage_extracted_4f09b7978c0c0f2230a3d5114d2ea9dc/resources/app.asar.unpacked/node_modules/better-sqlite3/lib/methods/serialize.js
/home/gurkirat/flocafe-matrix-tmp/tmp/appimage_extracted_4f09b7978c0c0f2230a3d5114d2ea9dc/resources/app.asar.unpacked/node_modules/better-sqlite3/lib/methods/table.js
/home/gurkirat/flocafe-matrix-tmp/tmp/appimage_extracted_4f09b7978c0c0f2230a3d5114d2ea9dc/resources/app.asar.unpacked/node_modules/better-sqlite3/lib/methods/transaction.js
/home/gurkirat/flocafe-matrix-tmp/tmp/appimage_extracted_4f09b7978c0c0f2230a3d5114d2ea9dc/resources/app.asar.unpacked/node_modules/better-sqlite3/lib/methods/wrappers.js
/home/gurkirat/flocafe-matrix-tmp/tmp/appimage_extracted_4f09b7978c0c0f2230a3d5114d2ea9dc/resources/app.asar.unpacked/node_modules/better-sqlite3/lib/sqlite-error.js
/home/gurkirat/flocafe-matrix-tmp/tmp/appimage_extracted_4f09b7978c0c0f2230a3d5114d2ea9dc/resources/app.asar.unpacked/node_modules/better-sqlite3/lib/util.js
/home/gurkirat/flocafe-matrix-tmp/tmp/appimage_extracted_4f09b7978c0c0f2230a3d5114d2ea9dc/resources/app.asar.unpacked/node_modules/better-sqlite3/lib/win32-arm64.js
/home/gurkirat/flocafe-matrix-tmp/tmp/appimage_extracted_4f09b7978c0c0f2230a3d5114d2ea9dc/resources/app.asar.unpacked/node_modules/better-sqlite3/lib/win32-x64.js
/home/gurkirat/flocafe-matrix-tmp/tmp/appimage_extracted_4f09b7978c0c0f2230a3d5114d2ea9dc/resources/app.asar.unpacked/node_modules/better-sqlite3/package.json
/home/gurkirat/flocafe-matrix-tmp/tmp/appimage_extracted_4f09b7978c0c0f2230a3d5114d2ea9dc/resources/app.asar.unpacked/node_modules/better-sqlite3/prebuilds
/home/gurkirat/flocafe-matrix-tmp/tmp/appimage_extracted_4f09b7978c0c0f2230a3d5114d2ea9dc/resources/app.asar.unpacked/node_modules/better-sqlite3/prebuilds/darwin-arm64.node
/home/gurkirat/flocafe-matrix-tmp/tmp/appimage_extracted_4f09b7978c0c0f2230a3d5114d2ea9dc/resources/app.asar.unpacked/node_modules/better-sqlite3/prebuilds/darwin-x64.node
/home/gurkirat/flocafe-matrix-tmp/tmp/appimage_extracted_4f09b7978c0c0f2230a3d5114d2ea9dc/resources/app.asar.unpacked/node_modules/better-sqlite3/prebuilds/linux-arm64.node
/home/gurkirat/flocafe-matrix-tmp/tmp/appimage_extracted_4f09b7978c0c0f2230a3d5114d2ea9dc/resources/app.asar.unpacked/node_modules/better-sqlite3/prebuilds/linux-x64.node
/home/gurkirat/flocafe-matrix-tmp/tmp/appimage_extracted_4f09b7978c0c0f2230a3d5114d2ea9dc/resources/app.asar.unpacked/node_modules/better-sqlite3/prebuilds/linuxmusl-arm64.node
/home/gurkirat/flocafe-matrix-tmp/tmp/appimage_extracted_4f09b7978c0c0f2230a3d5114d2ea9dc/resources/app.asar.unpacked/node_modules/better-sqlite3/prebuilds/linuxmusl-x64.node
/home/gurkirat/flocafe-matrix-tmp/tmp/appimage_extracted_4f09b7978c0c0f2230a3d5114d2ea9dc/resources/app.asar.unpacked/node_modules/better-sqlite3/prebuilds/win32-arm64.node
/home/gurkirat/flocafe-matrix-tmp/tmp/appimage_extracted_4f09b7978c0c0f2230a3d5114d2ea9dc/resources/app.asar.unpacked/node_modules/better-sqlite3/prebuilds/win32-x64.node
/home/gurkirat/flocafe-matrix-tmp/tmp/appimage_extracted_4f09b7978c0c0f2230a3d5114d2ea9dc/resources/app.asar.unpacked/node_modules/better-sqlite3/src
/home/gurkirat/flocafe-matrix-tmp/tmp/appimage_extracted_4f09b7978c0c0f2230a3d5114d2ea9dc/resources/app.asar.unpacked/node_modules/better-sqlite3/src/addon.cpp
/home/gurkirat/flocafe-matrix-tmp/tmp/appimage_extracted_4f09b7978c0c0f2230a3d5114d2ea9dc/resources/app.asar.unpacked/node_modules/better-sqlite3/src/better_sqlite3.cpp
/home/gurkirat/flocafe-matrix-tmp/tmp/appimage_extracted_4f09b7978c0c0f2230a3d5114d2ea9dc/resources/app.asar.unpacked/node_modules/better-sqlite3/src/objects
/home/gurkirat/flocafe-matrix-tmp/tmp/appimage_extracted_4f09b7978c0c0f2230a3d5114d2ea9dc/resources/app.asar.unpacked/node_modules/better-sqlite3/src/objects/backup.cpp
/home/gurkirat/flocafe-matrix-tmp/tmp/appimage_extracted_4f09b7978c0c0f2230a3d5114d2ea9dc/resources/app.asar.unpacked/node_modules/better-sqlite3/src/objects/backup.hpp
/home/gurkirat/flocafe-matrix-tmp/tmp/appimage_extracted_4f09b7978c0c0f2230a3d5114d2ea9dc/resources/app.asar.unpacked/node_modules/better-sqlite3/src/objects/database.cpp
/home/gurkirat/flocafe-matrix-tmp/tmp/appimage_extracted_4f09b7978c0c0f2230a3d5114d2ea9dc/resources/app.asar.unpacked/node_modules/better-sqlite3/src/objects/database.hpp
/home/gurkirat/flocafe-matrix-tmp/tmp/appimage_extracted_4f09b7978c0c0f2230a3d5114d2ea9dc/resources/app.asar.unpacked/node_modules/better-sqlite3/src/objects/statement-iterator.cpp
/home/gurkirat/flocafe-matrix-tmp/tmp/appimage_extracted_4f09b7978c0c0f2230a3d5114d2ea9dc/resources/app.asar.unpacked/node_modules/better-sqlite3/src/objects/statement-iterator.hpp
/home/gurkirat/flocafe-matrix-tmp/tmp/appimage_extracted_4f09b7978c0c0f2230a3d5114d2ea9dc/resources/app.asar.unpacked/node_modules/better-sqlite3/src/objects/statement.cpp
/home/gurkirat/flocafe-matrix-tmp/tmp/appimage_extracted_4f09b7978c0c0f2230a3d5114d2ea9dc/resources/app.asar.unpacked/node_modules/better-sqlite3/src/objects/statement.hpp
/home/gurkirat/flocafe-matrix-tmp/tmp/appimage_extracted_4f09b7978c0c0f2230a3d5114d2ea9dc/resources/app.asar.unpacked/node_modules/better-sqlite3/src/util
/home/gurkirat/flocafe-matrix-tmp/tmp/appimage_extracted_4f09b7978c0c0f2230a3d5114d2ea9dc/resources/app.asar.unpacked/node_modules/better-sqlite3/src/util/bind-map.cpp
/home/gurkirat/flocafe-matrix-tmp/tmp/appimage_extracted_4f09b7978c0c0f2230a3d5114d2ea9dc/resources/app.asar.unpacked/node_modules/better-sqlite3/src/util/binder.cpp
/home/gurkirat/flocafe-matrix-tmp/tmp/appimage_extracted_4f09b7978c0c0f2230a3d5114d2ea9dc/resources/app.asar.unpacked/node_modules/better-sqlite3/src/util/constants.cpp
/home/gurkirat/flocafe-matrix-tmp/tmp/appimage_extracted_4f09b7978c0c0f2230a3d5114d2ea9dc/resources/app.asar.unpacked/node_modules/better-sqlite3/src/util/custom-aggregate.cpp
/home/gurkirat/flocafe-matrix-tmp/tmp/appimage_extracted_4f09b7978c0c0f2230a3d5114d2ea9dc/resources/app.asar.unpacked/node_modules/better-sqlite3/src/util/custom-function.cpp
/home/gurkirat/flocafe-matrix-tmp/tmp/appimage_extracted_4f09b7978c0c0f2230a3d5114d2ea9dc/resources/app.asar.unpacked/node_modules/better-sqlite3/src/util/custom-table.cpp
/home/gurkirat/flocafe-matrix-tmp/tmp/appimage_extracted_4f09b7978c0c0f2230a3d5114d2ea9dc/resources/app.asar.unpacked/node_modules/better-sqlite3/src/util/data-converter.cpp
/home/gurkirat/flocafe-matrix-tmp/tmp/appimage_extracted_4f09b7978c0c0f2230a3d5114d2ea9dc/resources/app.asar.unpacked/node_modules/better-sqlite3/src/util/data.cpp
/home/gurkirat/flocafe-matrix-tmp/tmp/appimage_extracted_4f09b7978c0c0f2230a3d5114d2ea9dc/resources/app.asar.unpacked/node_modules/better-sqlite3/src/util/helpers.cpp
/home/gurkirat/flocafe-matrix-tmp/tmp/appimage_extracted_4f09b7978c0c0f2230a3d5114d2ea9dc/resources/app.asar.unpacked/node_modules/better-sqlite3/src/util/macros.cpp
/home/gurkirat/flocafe-matrix-tmp/tmp/appimage_extracted_4f09b7978c0c0f2230a3d5114d2ea9dc/resources/app.asar.unpacked/node_modules/better-sqlite3/src/util/query-macros.cpp
/home/gurkirat/flocafe-matrix-tmp/tmp/appimage_extracted_4f09b7978c0c0f2230a3d5114d2ea9dc/resources/app.asar.unpacked/node_modules/better-sqlite3/src/util/row-builder.cpp
/home/gurkirat/flocafe-matrix-tmp/tmp/appimage_extracted_4f09b7978c0c0f2230a3d5114d2ea9dc/resources/app.asar.unpacked/node_modules/better-sqlite3/src/util/row-builder.hpp
/home/gurkirat/flocafe-matrix-tmp/tmp/appimage_extracted_4f09b7978c0c0f2230a3d5114d2ea9dc/resources/assets
/home/gurkirat/flocafe-matrix-tmp/tmp/appimage_extracted_4f09b7978c0c0f2230a3d5114d2ea9dc/resources/assets/._com.flo.desktop.metainfo.xml
/home/gurkirat/flocafe-matrix-tmp/tmp/appimage_extracted_4f09b7978c0c0f2230a3d5114d2ea9dc/resources/assets/._icon-128.png
/home/gurkirat/flocafe-matrix-tmp/tmp/appimage_extracted_4f09b7978c0c0f2230a3d5114d2ea9dc/resources/assets/._icon-150.png
/home/gurkirat/flocafe-matrix-tmp/tmp/appimage_extracted_4f09b7978c0c0f2230a3d5114d2ea9dc/resources/assets/._icon-16.png
/home/gurkirat/flocafe-matrix-tmp/tmp/appimage_extracted_4f09b7978c0c0f2230a3d5114d2ea9dc/resources/assets/._icon-256.png
/home/gurkirat/flocafe-matrix-tmp/tmp/appimage_extracted_4f09b7978c0c0f2230a3d5114d2ea9dc/resources/assets/._icon-300.png
/home/gurkirat/flocafe-matrix-tmp/tmp/appimage_extracted_4f09b7978c0c0f2230a3d5114d2ea9dc/resources/assets/._icon-32.png
/home/gurkirat/flocafe-matrix-tmp/tmp/appimage_extracted_4f09b7978c0c0f2230a3d5114d2ea9dc/resources/assets/._icon-44.png
/home/gurkirat/flocafe-matrix-tmp/tmp/appimage_extracted_4f09b7978c0c0f2230a3d5114d2ea9dc/resources/assets/._icon-512.png
/home/gurkirat/flocafe-matrix-tmp/tmp/appimage_extracted_4f09b7978c0c0f2230a3d5114d2ea9dc/resources/assets/._icon-64.png
/home/gurkirat/flocafe-matrix-tmp/tmp/appimage_extracted_4f09b7978c0c0f2230a3d5114d2ea9dc/resources/assets/._icon-71.png
/home/gurkirat/flocafe-matrix-tmp/tmp/appimage_extracted_4f09b7978c0c0f2230a3d5114d2ea9dc/resources/assets/._icon.icns
/home/gurkirat/flocafe-matrix-tmp/tmp/appimage_extracted_4f09b7978c0c0f2230a3d5114d2ea9dc/resources/assets/._icon.ico
/home/gurkirat/flocafe-matrix-tmp/tmp/appimage_extracted_4f09b7978c0c0f2230a3d5114d2ea9dc/resources/assets/._icon.iconset
/home/gurkirat/flocafe-matrix-tmp/tmp/appimage_extracted_4f09b7978c0c0f2230a3d5114d2ea9dc/resources/assets/._icon.png
/home/gurkirat/flocafe-matrix-tmp/tmp/appimage_extracted_4f09b7978c0c0f2230a3d5114d2ea9dc/resources/assets/._icons
/home/gurkirat/flocafe-matrix-tmp/tmp/appimage_extracted_4f09b7978c0c0f2230a3d5114d2ea9dc/resources/assets/com.flo.desktop.metainfo.xml
/home/gurkirat/flocafe-matrix-tmp/tmp/appimage_extracted_4f09b7978c0c0f2230a3d5114d2ea9dc/resources/assets/icon-128.png
/home/gurkirat/flocafe-matrix-tmp/tmp/appimage_extracted_4f09b7978c0c0f2230a3d5114d2ea9dc/resources/assets/icon-150.png
/home/gurkirat/flocafe-matrix-tmp/tmp/appimage_extracted_4f09b7978c0c0f2230a3d5114d2ea9dc/resources/assets/icon-16.png
/home/gurkirat/flocafe-matrix-tmp/tmp/appimage_extracted_4f09b7978c0c0f2230a3d5114d2ea9dc/resources/assets/icon-256.png
/home/gurkirat/flocafe-matrix-tmp/tmp/appimage_extracted_4f09b7978c0c0f2230a3d5114d2ea9dc/resources/assets/icon-300.png
/home/gurkirat/flocafe-matrix-tmp/tmp/appimage_extracted_4f09b7978c0c0f2230a3d5114d2ea9dc/resources/assets/icon-32.png
/home/gurkirat/flocafe-matrix-tmp/tmp/appimage_extracted_4f09b7978c0c0f2230a3d5114d2ea9dc/resources/assets/icon-44.png
/home/gurkirat/flocafe-matrix-tmp/tmp/appimage_extracted_4f09b7978c0c0f2230a3d5114d2ea9dc/resources/assets/icon-512.png
/home/gurkirat/flocafe-matrix-tmp/tmp/appimage_extracted_4f09b7978c0c0f2230a3d5114d2ea9dc/resources/assets/icon-64.png
/home/gurkirat/flocafe-matrix-tmp/tmp/appimage_extracted_4f09b7978c0c0f2230a3d5114d2ea9dc/resources/assets/icon-71.png
/home/gurkirat/flocafe-matrix-tmp/tmp/appimage_extracted_4f09b7978c0c0f2230a3d5114d2ea9dc/resources/assets/icon.icns
/home/gurkirat/flocafe-matrix-tmp/tmp/appimage_extracted_4f09b7978c0c0f2230a3d5114d2ea9dc/resources/assets/icon.ico
/home/gurkirat/flocafe-matrix-tmp/tmp/appimage_extracted_4f09b7978c0c0f2230a3d5114d2ea9dc/resources/assets/icon.iconset
/home/gurkirat/flocafe-matrix-tmp/tmp/appimage_extracted_4f09b7978c0c0f2230a3d5114d2ea9dc/resources/assets/icon.iconset/._icon_128x128.png
/home/gurkirat/flocafe-matrix-tmp/tmp/appimage_extracted_4f09b7978c0c0f2230a3d5114d2ea9dc/resources/assets/icon.iconset/._icon_128x128@2x.png
/home/gurkirat/flocafe-matrix-tmp/tmp/appimage_extracted_4f09b7978c0c0f2230a3d5114d2ea9dc/resources/assets/icon.iconset/._icon_16x16.png
/home/gurkirat/flocafe-matrix-tmp/tmp/appimage_extracted_4f09b7978c0c0f2230a3d5114d2ea9dc/resources/assets/icon.iconset/._icon_16x16@2x.png
/home/gurkirat/flocafe-matrix-tmp/tmp/appimage_extracted_4f09b7978c0c0f2230a3d5114d2ea9dc/resources/assets/icon.iconset/._icon_256x256.png
/home/gurkirat/flocafe-matrix-tmp/tmp/appimage_extracted_4f09b7978c0c0f2230a3d5114d2ea9dc/resources/assets/icon.iconset/._icon_256x256@2x.png
/home/gurkirat/flocafe-matrix-tmp/tmp/appimage_extracted_4f09b7978c0c0f2230a3d5114d2ea9dc/resources/assets/icon.iconset/._icon_32x32.png
/home/gurkirat/flocafe-matrix-tmp/tmp/appimage_extracted_4f09b7978c0c0f2230a3d5114d2ea9dc/resources/assets/icon.iconset/._icon_32x32@2x.png
/home/gurkirat/flocafe-matrix-tmp/tmp/appimage_extracted_4f09b7978c0c0f2230a3d5114d2ea9dc/resources/assets/icon.iconset/._icon_512x512.png
/home/gurkirat/flocafe-matrix-tmp/tmp/appimage_extracted_4f09b7978c0c0f2230a3d5114d2ea9dc/resources/assets/icon.iconset/._icon_512x512@2x.png
/home/gurkirat/flocafe-matrix-tmp/tmp/appimage_extracted_4f09b7978c0c0f2230a3d5114d2ea9dc/resources/assets/icon.iconset/icon_128x128.png
/home/gurkirat/flocafe-matrix-tmp/tmp/appimage_extracted_4f09b7978c0c0f2230a3d5114d2ea9dc/resources/assets/icon.iconset/icon_128x128@2x.png
/home/gurkirat/flocafe-matrix-tmp/tmp/appimage_extracted_4f09b7978c0c0f2230a3d5114d2ea9dc/resources/assets/icon.iconset/icon_16x16.png
/home/gurkirat/flocafe-matrix-tmp/tmp/appimage_extracted_4f09b7978c0c0f2230a3d5114d2ea9dc/resources/assets/icon.iconset/icon_16x16@2x.png
/home/gurkirat/flocafe-matrix-tmp/tmp/appimage_extracted_4f09b7978c0c0f2230a3d5114d2ea9dc/resources/assets/icon.iconset/icon_256x256.png
/home/gurkirat/flocafe-matrix-tmp/tmp/appimage_extracted_4f09b7978c0c0f2230a3d5114d2ea9dc/resources/assets/icon.iconset/icon_256x256@2x.png
/home/gurkirat/flocafe-matrix-tmp/tmp/appimage_extracted_4f09b7978c0c0f2230a3d5114d2ea9dc/resources/assets/icon.iconset/icon_32x32.png
/home/gurkirat/flocafe-matrix-tmp/tmp/appimage_extracted_4f09b7978c0c0f2230a3d5114d2ea9dc/resources/assets/icon.iconset/icon_32x32@2x.png
/home/gurkirat/flocafe-matrix-tmp/tmp/appimage_extracted_4f09b7978c0c0f2230a3d5114d2ea9dc/resources/assets/icon.iconset/icon_512x512.png
/home/gurkirat/flocafe-matrix-tmp/tmp/appimage_extracted_4f09b7978c0c0f2230a3d5114d2ea9dc/resources/assets/icon.iconset/icon_512x512@2x.png
/home/gurkirat/flocafe-matrix-tmp/tmp/appimage_extracted_4f09b7978c0c0f2230a3d5114d2ea9dc/resources/assets/icon.png
/home/gurkirat/flocafe-matrix-tmp/tmp/appimage_extracted_4f09b7978c0c0f2230a3d5114d2ea9dc/resources/assets/icons
/home/gurkirat/flocafe-matrix-tmp/tmp/appimage_extracted_4f09b7978c0c0f2230a3d5114d2ea9dc/resources/assets/icons/._hicolor
/home/gurkirat/flocafe-matrix-tmp/tmp/appimage_extracted_4f09b7978c0c0f2230a3d5114d2ea9dc/resources/assets/icons/hicolor
/home/gurkirat/flocafe-matrix-tmp/tmp/appimage_extracted_4f09b7978c0c0f2230a3d5114d2ea9dc/resources/assets/icons/hicolor/._128x128
/home/gurkirat/flocafe-matrix-tmp/tmp/appimage_extracted_4f09b7978c0c0f2230a3d5114d2ea9dc/resources/assets/icons/hicolor/._16x16
/home/gurkirat/flocafe-matrix-tmp/tmp/appimage_extracted_4f09b7978c0c0f2230a3d5114d2ea9dc/resources/assets/icons/hicolor/._256x256
/home/gurkirat/flocafe-matrix-tmp/tmp/appimage_extracted_4f09b7978c0c0f2230a3d5114d2ea9dc/resources/assets/icons/hicolor/._32x32
/home/gurkirat/flocafe-matrix-tmp/tmp/appimage_extracted_4f09b7978c0c0f2230a3d5114d2ea9dc/resources/assets/icons/hicolor/._512x512
/home/gurkirat/flocafe-matrix-tmp/tmp/appimage_extracted_4f09b7978c0c0f2230a3d5114d2ea9dc/resources/assets/icons/hicolor/._64x64
/home/gurkirat/flocafe-matrix-tmp/tmp/appimage_extracted_4f09b7978c0c0f2230a3d5114d2ea9dc/resources/assets/icons/hicolor/128x128
/home/gurkirat/flocafe-matrix-tmp/tmp/appimage_extracted_4f09b7978c0c0f2230a3d5114d2ea9dc/resources/assets/icons/hicolor/128x128/._apps
/home/gurkirat/flocafe-matrix-tmp/tmp/appimage_extracted_4f09b7978c0c0f2230a3d5114d2ea9dc/resources/assets/icons/hicolor/128x128/apps
/home/gurkirat/flocafe-matrix-tmp/tmp/appimage_extracted_4f09b7978c0c0f2230a3d5114d2ea9dc/resources/assets/icons/hicolor/128x128/apps/._flocafe.png
/home/gurkirat/flocafe-matrix-tmp/tmp/appimage_extracted_4f09b7978c0c0f2230a3d5114d2ea9dc/resources/assets/icons/hicolor/128x128/apps/flocafe.png
/home/gurkirat/flocafe-matrix-tmp/tmp/appimage_extracted_4f09b7978c0c0f2230a3d5114d2ea9dc/resources/assets/icons/hicolor/16x16
/home/gurkirat/flocafe-matrix-tmp/tmp/appimage_extracted_4f09b7978c0c0f2230a3d5114d2ea9dc/resources/assets/icons/hicolor/16x16/._apps
/home/gurkirat/flocafe-matrix-tmp/tmp/appimage_extracted_4f09b7978c0c0f2230a3d5114d2ea9dc/resources/assets/icons/hicolor/16x16/apps
/home/gurkirat/flocafe-matrix-tmp/tmp/appimage_extracted_4f09b7978c0c0f2230a3d5114d2ea9dc/resources/assets/icons/hicolor/16x16/apps/._flocafe.png
/home/gurkirat/flocafe-matrix-tmp/tmp/appimage_extracted_4f09b7978c0c0f2230a3d5114d2ea9dc/resources/assets/icons/hicolor/16x16/apps/flocafe.png
/home/gurkirat/flocafe-matrix-tmp/tmp/appimage_extracted_4f09b7978c0c0f2230a3d5114d2ea9dc/resources/assets/icons/hicolor/256x256
/home/gurkirat/flocafe-matrix-tmp/tmp/appimage_extracted_4f09b7978c0c0f2230a3d5114d2ea9dc/resources/assets/icons/hicolor/256x256/._apps
/home/gurkirat/flocafe-matrix-tmp/tmp/appimage_extracted_4f09b7978c0c0f2230a3d5114d2ea9dc/resources/assets/icons/hicolor/256x256/apps
/home/gurkirat/flocafe-matrix-tmp/tmp/appimage_extracted_4f09b7978c0c0f2230a3d5114d2ea9dc/resources/assets/icons/hicolor/256x256/apps/._flocafe.png
/home/gurkirat/flocafe-matrix-tmp/tmp/appimage_extracted_4f09b7978c0c0f2230a3d5114d2ea9dc/resources/assets/icons/hicolor/256x256/apps/flocafe.png
/home/gurkirat/flocafe-matrix-tmp/tmp/appimage_extracted_4f09b7978c0c0f2230a3d5114d2ea9dc/resources/assets/icons/hicolor/32x32
/home/gurkirat/flocafe-matrix-tmp/tmp/appimage_extracted_4f09b7978c0c0f2230a3d5114d2ea9dc/resources/assets/icons/hicolor/32x32/._apps
/home/gurkirat/flocafe-matrix-tmp/tmp/appimage_extracted_4f09b7978c0c0f2230a3d5114d2ea9dc/resources/assets/icons/hicolor/32x32/apps
/home/gurkirat/flocafe-matrix-tmp/tmp/appimage_extracted_4f09b7978c0c0f2230a3d5114d2ea9dc/resources/assets/icons/hicolor/32x32/apps/._flocafe.png
/home/gurkirat/flocafe-matrix-tmp/tmp/appimage_extracted_4f09b7978c0c0f2230a3d5114d2ea9dc/resources/assets/icons/hicolor/32x32/apps/flocafe.png
/home/gurkirat/flocafe-matrix-tmp/tmp/appimage_extracted_4f09b7978c0c0f2230a3d5114d2ea9dc/resources/assets/icons/hicolor/512x512
/home/gurkirat/flocafe-matrix-tmp/tmp/appimage_extracted_4f09b7978c0c0f2230a3d5114d2ea9dc/resources/assets/icons/hicolor/512x512/._apps
/home/gurkirat/flocafe-matrix-tmp/tmp/appimage_extracted_4f09b7978c0c0f2230a3d5114d2ea9dc/resources/assets/icons/hicolor/512x512/apps
/home/gurkirat/flocafe-matrix-tmp/tmp/appimage_extracted_4f09b7978c0c0f2230a3d5114d2ea9dc/resources/assets/icons/hicolor/512x512/apps/._flocafe.png
/home/gurkirat/flocafe-matrix-tmp/tmp/appimage_extracted_4f09b7978c0c0f2230a3d5114d2ea9dc/resources/assets/icons/hicolor/512x512/apps/flocafe.png
/home/gurkirat/flocafe-matrix-tmp/tmp/appimage_extracted_4f09b7978c0c0f2230a3d5114d2ea9dc/resources/assets/icons/hicolor/64x64
/home/gurkirat/flocafe-matrix-tmp/tmp/appimage_extracted_4f09b7978c0c0f2230a3d5114d2ea9dc/resources/assets/icons/hicolor/64x64/._apps
/home/gurkirat/flocafe-matrix-tmp/tmp/appimage_extracted_4f09b7978c0c0f2230a3d5114d2ea9dc/resources/assets/icons/hicolor/64x64/apps
/home/gurkirat/flocafe-matrix-tmp/tmp/appimage_extracted_4f09b7978c0c0f2230a3d5114d2ea9dc/resources/assets/icons/hicolor/64x64/apps/._flocafe.png
/home/gurkirat/flocafe-matrix-tmp/tmp/appimage_extracted_4f09b7978c0c0f2230a3d5114d2ea9dc/resources/assets/icons/hicolor/64x64/apps/flocafe.png
/home/gurkirat/flocafe-matrix-tmp/tmp/appimage_extracted_4f09b7978c0c0f2230a3d5114d2ea9dc/resources/frontend-out
/home/gurkirat/flocafe-matrix-tmp/tmp/appimage_extracted_4f09b7978c0c0f2230a3d5114d2ea9dc/resources/frontend-out/._404
/home/gurkirat/flocafe-matrix-tmp/tmp/appimage_extracted_4f09b7978c0c0f2230a3d5114d2ea9dc/resources/frontend-out/._404.html
/home/gurkirat/flocafe-matrix-tmp/tmp/appimage_extracted_4f09b7978c0c0f2230a3d5114d2ea9dc/resources/frontend-out/.___next.__PAGE__.txt
/home/gurkirat/flocafe-matrix-tmp/tmp/appimage_extracted_4f09b7978c0c0f2230a3d5114d2ea9dc/resources/frontend-out/.___next._full.txt
/home/gurkirat/flocafe-matrix-tmp/tmp/appimage_extracted_4f09b7978c0c0f2230a3d5114d2ea9dc/resources/frontend-out/.___next._tree.txt
/home/gurkirat/flocafe-matrix-tmp/tmp/appimage_extracted_4f09b7978c0c0f2230a3d5114d2ea9dc/resources/frontend-out/.__next
/home/gurkirat/flocafe-matrix-tmp/tmp/appimage_extracted_4f09b7978c0c0f2230a3d5114d2ea9dc/resources/frontend-out/.__not-found
/home/gurkirat/flocafe-matrix-tmp/tmp/appimage_extracted_4f09b7978c0c0f2230a3d5114d2ea9dc/resources/frontend-out/._addon-groups
/home/gurkirat/flocafe-matrix-tmp/tmp/appimage_extracted_4f09b7978c0c0f2230a3d5114d2ea9dc/resources/frontend-out/._apple-touch-icon.png
/home/gurkirat/flocafe-matrix-tmp/tmp/appimage_extracted_4f09b7978c0c0f2230a3d5114d2ea9dc/resources/frontend-out/._auth
/home/gurkirat/flocafe-matrix-tmp/tmp/appimage_extracted_4f09b7978c0c0f2230a3d5114d2ea9dc/resources/frontend-out/._customer-display
/home/gurkirat/flocafe-matrix-tmp/tmp/appimage_extracted_4f09b7978c0c0f2230a3d5114d2ea9dc/resources/frontend-out/._customers
/home/gurkirat/flocafe-matrix-tmp/tmp/appimage_extracted_4f09b7978c0c0f2230a3d5114d2ea9dc/resources/frontend-out/._dashboard
/home/gurkirat/flocafe-matrix-tmp/tmp/appimage_extracted_4f09b7978c0c0f2230a3d5114d2ea9dc/resources/frontend-out/._favicon-16x16.png
/home/gurkirat/flocafe-matrix-tmp/tmp/appimage_extracted_4f09b7978c0c0f2230a3d5114d2ea9dc/resources/frontend-out/._favicon-32x32.png
/home/gurkirat/flocafe-matrix-tmp/tmp/appimage_extracted_4f09b7978c0c0f2230a3d5114d2ea9dc/resources/frontend-out/._favicon.ico
/home/gurkirat/flocafe-matrix-tmp/tmp/appimage_extracted_4f09b7978c0c0f2230a3d5114d2ea9dc/resources/frontend-out/._file.svg
/home/gurkirat/flocafe-matrix-tmp/tmp/appimage_extracted_4f09b7978c0c0f2230a3d5114d2ea9dc/resources/frontend-out/._flo-logo.png
/home/gurkirat/flocafe-matrix-tmp/tmp/appimage_extracted_4f09b7978c0c0f2230a3d5114d2ea9dc/resources/frontend-out/._globe.svg
/home/gurkirat/flocafe-matrix-tmp/tmp/appimage_extracted_4f09b7978c0c0f2230a3d5114d2ea9dc/resources/frontend-out/._icon-192.png
/home/gurkirat/flocafe-matrix-tmp/tmp/appimage_extracted_4f09b7978c0c0f2230a3d5114d2ea9dc/resources/frontend-out/._icon-512.png
/home/gurkirat/flocafe-matrix-tmp/tmp/appimage_extracted_4f09b7978c0c0f2230a3d5114d2ea9dc/resources/frontend-out/._index.html
/home/gurkirat/flocafe-matrix-tmp/tmp/appimage_extracted_4f09b7978c0c0f2230a3d5114d2ea9dc/resources/frontend-out/._index.txt
/home/gurkirat/flocafe-matrix-tmp/tmp/appimage_extracted_4f09b7978c0c0f2230a3d5114d2ea9dc/resources/frontend-out/._kds
/home/gurkirat/flocafe-matrix-tmp/tmp/appimage_extracted_4f09b7978c0c0f2230a3d5114d2ea9dc/resources/frontend-out/._kds-standalone
/home/gurkirat/flocafe-matrix-tmp/tmp/appimage_extracted_4f09b7978c0c0f2230a3d5114d2ea9dc/resources/frontend-out/._logo-white.png
/home/gurkirat/flocafe-matrix-tmp/tmp/appimage_extracted_4f09b7978c0c0f2230a3d5114d2ea9dc/resources/frontend-out/._logo.png
/home/gurkirat/flocafe-matrix-tmp/tmp/appimage_extracted_4f09b7978c0c0f2230a3d5114d2ea9dc/resources/frontend-out/._logo.svg
/home/gurkirat/flocafe-matrix-tmp/tmp/appimage_extracted_4f09b7978c0c0f2230a3d5114d2ea9dc/resources/frontend-out/._manifest.json
/home/gurkirat/flocafe-matrix-tmp/tmp/appimage_extracted_4f09b7978c0c0f2230a3d5114d2ea9dc/resources/frontend-out/._next.svg
/home/gurkirat/flocafe-matrix-tmp/tmp/appimage_extracted_4f09b7978c0c0f2230a3d5114d2ea9dc/resources/frontend-out/._order-history-demo
/home/gurkirat/flocafe-matrix-tmp/tmp/appimage_extracted_4f09b7978c0c0f2230a3d5114d2ea9dc/resources/frontend-out/._orders
/home/gurkirat/flocafe-matrix-tmp/tmp/appimage_extracted_4f09b7978c0c0f2230a3d5114d2ea9dc/resources/frontend-out/._pos
/home/gurkirat/flocafe-matrix-tmp/tmp/appimage_extracted_4f09b7978c0c0f2230a3d5114d2ea9dc/resources/frontend-out/._print-test
/home/gurkirat/flocafe-matrix-tmp/tmp/appimage_extracted_4f09b7978c0c0f2230a3d5114d2ea9dc/resources/frontend-out/._products
/home/gurkirat/flocafe-matrix-tmp/tmp/appimage_extracted_4f09b7978c0c0f2230a3d5114d2ea9dc/resources/frontend-out/._server-standalone
/home/gurkirat/flocafe-matrix-tmp/tmp/appimage_extracted_4f09b7978c0c0f2230a3d5114d2ea9dc/resources/frontend-out/._settings
/home/gurkirat/flocafe-matrix-tmp/tmp/appimage_extracted_4f09b7978c0c0f2230a3d5114d2ea9dc/resources/frontend-out/._setup
/home/gurkirat/flocafe-matrix-tmp/tmp/appimage_extracted_4f09b7978c0c0f2230a3d5114d2ea9dc/resources/frontend-out/._staff
/home/gurkirat/flocafe-matrix-tmp/tmp/appimage_extracted_4f09b7978c0c0f2230a3d5114d2ea9dc/resources/frontend-out/._support
/home/gurkirat/flocafe-matrix-tmp/tmp/appimage_extracted_4f09b7978c0c0f2230a3d5114d2ea9dc/resources/frontend-out/._sw.js
/home/gurkirat/flocafe-matrix-tmp/tmp/appimage_extracted_4f09b7978c0c0f2230a3d5114d2ea9dc/resources/frontend-out/._tables
/home/gurkirat/flocafe-matrix-tmp/tmp/appimage_extracted_4f09b7978c0c0f2230a3d5114d2ea9dc/resources/frontend-out/._vercel.svg
/home/gurkirat/flocafe-matrix-tmp/tmp/appimage_extracted_4f09b7978c0c0f2230a3d5114d2ea9dc/resources/frontend-out/._whatsapp
/home/gurkirat/flocafe-matrix-tmp/tmp/appimage_extracted_4f09b7978c0c0f2230a3d5114d2ea9dc/resources/frontend-out/._window.svg
/home/gurkirat/flocafe-matrix-tmp/tmp/appimage_extracted_4f09b7978c0c0f2230a3d5114d2ea9dc/resources/frontend-out/404
/home/gurkirat/flocafe-matrix-tmp/tmp/appimage_extracted_4f09b7978c0c0f2230a3d5114d2ea9dc/resources/frontend-out/404/._index.html
/home/gurkirat/flocafe-matrix-tmp/tmp/appimage_extracted_4f09b7978c0c0f2230a3d5114d2ea9dc/resources/frontend-out/404/index.html
/home/gurkirat/flocafe-matrix-tmp/tmp/appimage_extracted_4f09b7978c0c0f2230a3d5114d2ea9dc/resources/frontend-out/404.html
/home/gurkirat/flocafe-matrix-tmp/tmp/appimage_extracted_4f09b7978c0c0f2230a3d5114d2ea9dc/resources/frontend-out/__next.__PAGE__.txt
/home/gurkirat/flocafe-matrix-tmp/tmp/appimage_extracted_4f09b7978c0c0f2230a3d5114d2ea9dc/resources/frontend-out/__next._full.txt
/home/gurkirat/flocafe-matrix-tmp/tmp/appimage_extracted_4f09b7978c0c0f2230a3d5114d2ea9dc/resources/frontend-out/__next._tree.txt
/home/gurkirat/flocafe-matrix-tmp/tmp/appimage_extracted_4f09b7978c0c0f2230a3d5114d2ea9dc/resources/frontend-out/_next
/home/gurkirat/flocafe-matrix-tmp/tmp/appimage_extracted_4f09b7978c0c0f2230a3d5114d2ea9dc/resources/frontend-out/_next/._1coeyVsnerU6Rxi7dwhCL
/home/gurkirat/flocafe-matrix-tmp/tmp/appimage_extracted_4f09b7978c0c0f2230a3d5114d2ea9dc/resources/frontend-out/_next/._static
/home/gurkirat/flocafe-matrix-tmp/tmp/appimage_extracted_4f09b7978c0c0f2230a3d5114d2ea9dc/resources/frontend-out/_next/static
/home/gurkirat/flocafe-matrix-tmp/tmp/appimage_extracted_4f09b7978c0c0f2230a3d5114d2ea9dc/resources/frontend-out/_next/static/._1coeyVsnerU6Rxi7dwhCL
/home/gurkirat/flocafe-matrix-tmp/tmp/appimage_extracted_4f09b7978c0c0f2230a3d5114d2ea9dc/resources/frontend-out/_next/static/._chunks
/home/gurkirat/flocafe-matrix-tmp/tmp/appimage_extracted_4f09b7978c0c0f2230a3d5114d2ea9dc/resources/frontend-out/_next/static/._css
/home/gurkirat/flocafe-matrix-tmp/tmp/appimage_extracted_4f09b7978c0c0f2230a3d5114d2ea9dc/resources/frontend-out/_next/static/._media
/home/gurkirat/flocafe-matrix-tmp/tmp/appimage_extracted_4f09b7978c0c0f2230a3d5114d2ea9dc/resources/frontend-out/_next/static/1coeyVsnerU6Rxi7dwhCL
/home/gurkirat/flocafe-matrix-tmp/tmp/appimage_extracted_4f09b7978c0c0f2230a3d5114d2ea9dc/resources/frontend-out/_next/static/1coeyVsnerU6Rxi7dwhCL/.__buildManifest.js
/home/gurkirat/flocafe-matrix-tmp/tmp/appimage_extracted_4f09b7978c0c0f2230a3d5114d2ea9dc/resources/frontend-out/_next/static/1coeyVsnerU6Rxi7dwhCL/.__ssgManifest.js
/home/gurkirat/flocafe-matrix-tmp/tmp/appimage_extracted_4f09b7978c0c0f2230a3d5114d2ea9dc/resources/frontend-out/_next/static/1coeyVsnerU6Rxi7dwhCL/_buildManifest.js
/home/gurkirat/flocafe-matrix-tmp/tmp/appimage_extracted_4f09b7978c0c0f2230a3d5114d2ea9dc/resources/frontend-out/_next/static/1coeyVsnerU6Rxi7dwhCL/_ssgManifest.js
/home/gurkirat/flocafe-matrix-tmp/tmp/appimage_extracted_4f09b7978c0c0f2230a3d5114d2ea9dc/resources/frontend-out/_next/static/chunks
/home/gurkirat/flocafe-matrix-tmp/tmp/appimage_extracted_4f09b7978c0c0f2230a3d5114d2ea9dc/resources/frontend-out/_next/static/chunks/._1259-ebcd37774325601a.js
/home/gurkirat/flocafe-matrix-tmp/tmp/appimage_extracted_4f09b7978c0c0f2230a3d5114d2ea9dc/resources/frontend-out/_next/static/chunks/._1385-81c79ca99eb14474.js
/home/gurkirat/flocafe-matrix-tmp/tmp/appimage_extracted_4f09b7978c0c0f2230a3d5114d2ea9dc/resources/frontend-out/_next/static/chunks/._1640-d3461168211d9ea2.js
/home/gurkirat/flocafe-matrix-tmp/tmp/appimage_extracted_4f09b7978c0c0f2230a3d5114d2ea9dc/resources/frontend-out/_next/static/chunks/._2301.2daaf607f63183d3.js
/home/gurkirat/flocafe-matrix-tmp/tmp/appimage_extracted_4f09b7978c0c0f2230a3d5114d2ea9dc/resources/frontend-out/_next/static/chunks/._2432-7e060ea6dee8b655.js
/home/gurkirat/flocafe-matrix-tmp/tmp/appimage_extracted_4f09b7978c0c0f2230a3d5114d2ea9dc/resources/frontend-out/_next/static/chunks/._26.d292417662395c19.js
/home/gurkirat/flocafe-matrix-tmp/tmp/appimage_extracted_4f09b7978c0c0f2230a3d5114d2ea9dc/resources/frontend-out/_next/static/chunks/._2838-415e5e9f48fa028d.js
/home/gurkirat/flocafe-matrix-tmp/tmp/appimage_extracted_4f09b7978c0c0f2230a3d5114d2ea9dc/resources/frontend-out/_next/static/chunks/._3393-6fb7bf4d9c016582.js
/home/gurkirat/flocafe-matrix-tmp/tmp/appimage_extracted_4f09b7978c0c0f2230a3d5114d2ea9dc/resources/frontend-out/_next/static/chunks/._3437-593a957abb2d5c82.js
/home/gurkirat/flocafe-matrix-tmp/tmp/appimage_extracted_4f09b7978c0c0f2230a3d5114d2ea9dc/resources/frontend-out/_next/static/chunks/._3751-e36831143049d22d.js
/home/gurkirat/flocafe-matrix-tmp/tmp/appimage_extracted_4f09b7978c0c0f2230a3d5114d2ea9dc/resources/frontend-out/_next/static/chunks/._3794-d304b773ca9720ef.js
/home/gurkirat/flocafe-matrix-tmp/tmp/appimage_extracted_4f09b7978c0c0f2230a3d5114d2ea9dc/resources/frontend-out/_next/static/chunks/._4075.c9371df23983829d.js
/home/gurkirat/flocafe-matrix-tmp/tmp/appimage_extracted_4f09b7978c0c0f2230a3d5114d2ea9dc/resources/frontend-out/_next/static/chunks/._4234-b6b010b9ac28b293.js
/home/gurkirat/flocafe-matrix-tmp/tmp/appimage_extracted_4f09b7978c0c0f2230a3d5114d2ea9dc/resources/frontend-out/_next/static/chunks/._4255-464de0575d11d600.js
/home/gurkirat/flocafe-matrix-tmp/tmp/appimage_extracted_4f09b7978c0c0f2230a3d5114d2ea9dc/resources/frontend-out/_next/static/chunks/._4754-b374caa33c65e636.js
/home/gurkirat/flocafe-matrix-tmp/tmp/appimage_extracted_4f09b7978c0c0f2230a3d5114d2ea9dc/resources/frontend-out/_next/static/chunks/._4791-7749088a1a3ad5d3.js
/home/gurkirat/flocafe-matrix-tmp/tmp/appimage_extracted_4f09b7978c0c0f2230a3d5114d2ea9dc/resources/frontend-out/_next/static/chunks/._4bd1b696-8a4ab4fdf0ae305a.js
/home/gurkirat/flocafe-matrix-tmp/tmp/appimage_extracted_4f09b7978c0c0f2230a3d5114d2ea9dc/resources/frontend-out/_next/static/chunks/._5191-d3f93f7da52995b8.js
/home/gurkirat/flocafe-matrix-tmp/tmp/appimage_extracted_4f09b7978c0c0f2230a3d5114d2ea9dc/resources/frontend-out/_next/static/chunks/._5223-0df3ce25a4a578aa.js
/home/gurkirat/flocafe-matrix-tmp/tmp/appimage_extracted_4f09b7978c0c0f2230a3d5114d2ea9dc/resources/frontend-out/_next/static/chunks/._5292-aa71784eb2ddf1c0.js
/home/gurkirat/flocafe-matrix-tmp/tmp/appimage_extracted_4f09b7978c0c0f2230a3d5114d2ea9dc/resources/frontend-out/_next/static/chunks/._5785-28911a66d529ef01.js
/home/gurkirat/flocafe-matrix-tmp/tmp/appimage_extracted_4f09b7978c0c0f2230a3d5114d2ea9dc/resources/frontend-out/_next/static/chunks/._6318.a5fdbf675406fefa.js
/home/gurkirat/flocafe-matrix-tmp/tmp/appimage_extracted_4f09b7978c0c0f2230a3d5114d2ea9dc/resources/frontend-out/_next/static/chunks/._633-5b4d04157204ef91.js
/home/gurkirat/flocafe-matrix-tmp/tmp/appimage_extracted_4f09b7978c0c0f2230a3d5114d2ea9dc/resources/frontend-out/_next/static/chunks/._6347-ec99d156f1a1a38a.js
/home/gurkirat/flocafe-matrix-tmp/tmp/appimage_extracted_4f09b7978c0c0f2230a3d5114d2ea9dc/resources/frontend-out/_next/static/chunks/._6866-56cb0642694e7a66.js
/home/gurkirat/flocafe-matrix-tmp/tmp/appimage_extracted_4f09b7978c0c0f2230a3d5114d2ea9dc/resources/frontend-out/_next/static/chunks/._705-aa85698ca83174d4.js
/home/gurkirat/flocafe-matrix-tmp/tmp/appimage_extracted_4f09b7978c0c0f2230a3d5114d2ea9dc/resources/frontend-out/_next/static/chunks/._719-2054a5abeae67ce8.js
/home/gurkirat/flocafe-matrix-tmp/tmp/appimage_extracted_4f09b7978c0c0f2230a3d5114d2ea9dc/resources/frontend-out/_next/static/chunks/._7452-6612425dd083577e.js
/home/gurkirat/flocafe-matrix-tmp/tmp/appimage_extracted_4f09b7978c0c0f2230a3d5114d2ea9dc/resources/frontend-out/_next/static/chunks/._8250-0151e7c89d8c30cc.js
/home/gurkirat/flocafe-matrix-tmp/tmp/appimage_extracted_4f09b7978c0c0f2230a3d5114d2ea9dc/resources/frontend-out/_next/static/chunks/._8409-381d7a3aa3d11a3a.js
/home/gurkirat/flocafe-matrix-tmp/tmp/appimage_extracted_4f09b7978c0c0f2230a3d5114d2ea9dc/resources/frontend-out/_next/static/chunks/._8445-4b0b863c9ebbeeca.js
/home/gurkirat/flocafe-matrix-tmp/tmp/appimage_extracted_4f09b7978c0c0f2230a3d5114d2ea9dc/resources/frontend-out/_next/static/chunks/._8500-01a63dafd809e317.js
/home/gurkirat/flocafe-matrix-tmp/tmp/appimage_extracted_4f09b7978c0c0f2230a3d5114d2ea9dc/resources/frontend-out/_next/static/chunks/._8900-ee18e0751e07b6f5.js
/home/gurkirat/flocafe-matrix-tmp/tmp/appimage_extracted_4f09b7978c0c0f2230a3d5114d2ea9dc/resources/frontend-out/_next/static/chunks/._898-8a53fa732281438c.js
/home/gurkirat/flocafe-matrix-tmp/tmp/appimage_extracted_4f09b7978c0c0f2230a3d5114d2ea9dc/resources/frontend-out/_next/static/chunks/._9110-ce743af68e59dad3.js
/home/gurkirat/flocafe-matrix-tmp/tmp/appimage_extracted_4f09b7978c0c0f2230a3d5114d2ea9dc/resources/frontend-out/_next/static/chunks/._9155-0422c7052c9b5da1.js
/home/gurkirat/flocafe-matrix-tmp/tmp/appimage_extracted_4f09b7978c0c0f2230a3d5114d2ea9dc/resources/frontend-out/_next/static/chunks/._9245-cf4fda83ebdb3c8f.js
/home/gurkirat/flocafe-matrix-tmp/tmp/appimage_extracted_4f09b7978c0c0f2230a3d5114d2ea9dc/resources/frontend-out/_next/static/chunks/._9271-851d0108353a891f.js
/home/gurkirat/flocafe-matrix-tmp/tmp/appimage_extracted_4f09b7978c0c0f2230a3d5114d2ea9dc/resources/frontend-out/_next/static/chunks/._940-19d16e93435f5b3a.js
/home/gurkirat/flocafe-matrix-tmp/tmp/appimage_extracted_4f09b7978c0c0f2230a3d5114d2ea9dc/resources/frontend-out/_next/static/chunks/._952-288849f884b4de80.js
/home/gurkirat/flocafe-matrix-tmp/tmp/appimage_extracted_4f09b7978c0c0f2230a3d5114d2ea9dc/resources/frontend-out/_next/static/chunks/._9551-741283e624225f0b.js
/home/gurkirat/flocafe-matrix-tmp/tmp/appimage_extracted_4f09b7978c0c0f2230a3d5114d2ea9dc/resources/frontend-out/_next/static/chunks/._9628-90898a701541d48f.js
/home/gurkirat/flocafe-matrix-tmp/tmp/appimage_extracted_4f09b7978c0c0f2230a3d5114d2ea9dc/resources/frontend-out/_next/static/chunks/._9793-8bd3178c5cf6a332.js
/home/gurkirat/flocafe-matrix-tmp/tmp/appimage_extracted_4f09b7978c0c0f2230a3d5114d2ea9dc/resources/frontend-out/_next/static/chunks/._app
/home/gurkirat/flocafe-matrix-tmp/tmp/appimage_extracted_4f09b7978c0c0f2230a3d5114d2ea9dc/resources/frontend-out/_next/static/chunks/._framework-666c53740fc261c8.js
/home/gurkirat/flocafe-matrix-tmp/tmp/appimage_extracted_4f09b7978c0c0f2230a3d5114d2ea9dc/resources/frontend-out/_next/static/chunks/._main-6a0e6845389bbf36.js
/home/gurkirat/flocafe-matrix-tmp/tmp/appimage_extracted_4f09b7978c0c0f2230a3d5114d2ea9dc/resources/frontend-out/_next/static/chunks/._main-app-1bd63bc8fd51824c.js
/home/gurkirat/flocafe-matrix-tmp/tmp/appimage_extracted_4f09b7978c0c0f2230a3d5114d2ea9dc/resources/frontend-out/_next/static/chunks/._next
/home/gurkirat/flocafe-matrix-tmp/tmp/appimage_extracted_4f09b7978c0c0f2230a3d5114d2ea9dc/resources/frontend-out/_next/static/chunks/._polyfills-42372ed130431b0a.js
/home/gurkirat/flocafe-matrix-tmp/tmp/appimage_extracted_4f09b7978c0c0f2230a3d5114d2ea9dc/resources/frontend-out/_next/static/chunks/._webpack-3a39db8248bf1aa7.js
/home/gurkirat/flocafe-matrix-tmp/tmp/appimage_extracted_4f09b7978c0c0f2230a3d5114d2ea9dc/resources/frontend-out/_next/static/chunks/1259-ebcd37774325601a.js
/home/gurkirat/flocafe-matrix-tmp/tmp/appimage_extracted_4f09b7978c0c0f2230a3d5114d2ea9dc/resources/frontend-out/_next/static/chunks/1385-81c79ca99eb14474.js
/home/gurkirat/flocafe-matrix-tmp/tmp/appimage_extracted_4f09b7978c0c0f2230a3d5114d2ea9dc/resources/frontend-out/_next/static/chunks/1640-d3461168211d9ea2.js
/home/gurkirat/flocafe-matrix-tmp/tmp/appimage_extracted_4f09b7978c0c0f2230a3d5114d2ea9dc/resources/frontend-out/_next/static/chunks/2301.2daaf607f63183d3.js
/home/gurkirat/flocafe-matrix-tmp/tmp/appimage_extracted_4f09b7978c0c0f2230a3d5114d2ea9dc/resources/frontend-out/_next/static/chunks/2432-7e060ea6dee8b655.js
/home/gurkirat/flocafe-matrix-tmp/tmp/appimage_extracted_4f09b7978c0c0f2230a3d5114d2ea9dc/resources/frontend-out/_next/static/chunks/26.d292417662395c19.js
/home/gurkirat/flocafe-matrix-tmp/tmp/appimage_extracted_4f09b7978c0c0f2230a3d5114d2ea9dc/resources/frontend-out/_next/static/chunks/2838-415e5e9f48fa028d.js
/home/gurkirat/flocafe-matrix-tmp/tmp/appimage_extracted_4f09b7978c0c0f2230a3d5114d2ea9dc/resources/frontend-out/_next/static/chunks/3393-6fb7bf4d9c016582.js
/home/gurkirat/flocafe-matrix-tmp/tmp/appimage_extracted_4f09b7978c0c0f2230a3d5114d2ea9dc/resources/frontend-out/_next/static/chunks/3437-593a957abb2d5c82.js
/home/gurkirat/flocafe-matrix-tmp/tmp/appimage_extracted_4f09b7978c0c0f2230a3d5114d2ea9dc/resources/frontend-out/_next/static/chunks/3751-e36831143049d22d.js
/home/gurkirat/flocafe-matrix-tmp/tmp/appimage_extracted_4f09b7978c0c0f2230a3d5114d2ea9dc/resources/frontend-out/_next/static/chunks/3794-d304b773ca9720ef.js
/home/gurkirat/flocafe-matrix-tmp/tmp/appimage_extracted_4f09b7978c0c0f2230a3d5114d2ea9dc/resources/frontend-out/_next/static/chunks/4075.c9371df23983829d.js
/home/gurkirat/flocafe-matrix-tmp/tmp/appimage_extracted_4f09b7978c0c0f2230a3d5114d2ea9dc/resources/frontend-out/_next/static/chunks/4234-b6b010b9ac28b293.js
/home/gurkirat/flocafe-matrix-tmp/tmp/appimage_extracted_4f09b7978c0c0f2230a3d5114d2ea9dc/resources/frontend-out/_next/static/chunks/4255-464de0575d11d600.js
/home/gurkirat/flocafe-matrix-tmp/tmp/appimage_extracted_4f09b7978c0c0f2230a3d5114d2ea9dc/resources/frontend-out/_next/static/chunks/4754-b374caa33c65e636.js
/home/gurkirat/flocafe-matrix-tmp/tmp/appimage_extracted_4f09b7978c0c0f2230a3d5114d2ea9dc/resources/frontend-out/_next/static/chunks/4791-7749088a1a3ad5d3.js
/home/gurkirat/flocafe-matrix-tmp/tmp/appimage_extracted_4f09b7978c0c0f2230a3d5114d2ea9dc/resources/frontend-out/_next/static/chunks/4bd1b696-8a4ab4fdf0ae305a.js
/home/gurkirat/flocafe-matrix-tmp/tmp/appimage_extracted_4f09b7978c0c0f2230a3d5114d2ea9dc/resources/frontend-out/_next/static/chunks/5191-d3f93f7da52995b8.js
/home/gurkirat/flocafe-matrix-tmp/tmp/appimage_extracted_4f09b7978c0c0f2230a3d5114d2ea9dc/resources/frontend-out/_next/static/chunks/5223-0df3ce25a4a578aa.js
/home/gurkirat/flocafe-matrix-tmp/tmp/appimage_extracted_4f09b7978c0c0f2230a3d5114d2ea9dc/resources/frontend-out/_next/static/chunks/5292-aa71784eb2ddf1c0.js
/home/gurkirat/flocafe-matrix-tmp/tmp/appimage_extracted_4f09b7978c0c0f2230a3d5114d2ea9dc/resources/frontend-out/_next/static/chunks/5785-28911a66d529ef01.js
/home/gurkirat/flocafe-matrix-tmp/tmp/appimage_extracted_4f09b7978c0c0f2230a3d5114d2ea9dc/resources/frontend-out/_next/static/chunks/6318.a5fdbf675406fefa.js
/home/gurkirat/flocafe-matrix-tmp/tmp/appimage_extracted_4f09b7978c0c0f2230a3d5114d2ea9dc/resources/frontend-out/_next/static/chunks/633-5b4d04157204ef91.js
/home/gurkirat/flocafe-matrix-tmp/tmp/appimage_extracted_4f09b7978c0c0f2230a3d5114d2ea9dc/resources/frontend-out/_next/static/chunks/6347-ec99d156f1a1a38a.js
/home/gurkirat/flocafe-matrix-tmp/tmp/appimage_extracted_4f09b7978c0c0f2230a3d5114d2ea9dc/resources/frontend-out/_next/static/chunks/6866-56cb0642694e7a66.js
/home/gurkirat/flocafe-matrix-tmp/tmp/appimage_extracted_4f09b7978c0c0f2230a3d5114d2ea9dc/resources/frontend-out/_next/static/chunks/705-aa85698ca83174d4.js
/home/gurkirat/flocafe-matrix-tmp/tmp/appimage_extracted_4f09b7978c0c0f2230a3d5114d2ea9dc/resources/frontend-out/_next/static/chunks/719-2054a5abeae67ce8.js
/home/gurkirat/flocafe-matrix-tmp/tmp/appimage_extracted_4f09b7978c0c0f2230a3d5114d2ea9dc/resources/frontend-out/_next/static/chunks/7452-6612425dd083577e.js
/home/gurkirat/flocafe-matrix-tmp/tmp/appimage_extracted_4f09b7978c0c0f2230a3d5114d2ea9dc/resources/frontend-out/_next/static/chunks/8250-0151e7c89d8c30cc.js
/home/gurkirat/flocafe-matrix-tmp/tmp/appimage_extracted_4f09b7978c0c0f2230a3d5114d2ea9dc/resources/frontend-out/_next/static/chunks/8409-381d7a3aa3d11a3a.js
/home/gurkirat/flocafe-matrix-tmp/tmp/appimage_extracted_4f09b7978c0c0f2230a3d5114d2ea9dc/resources/frontend-out/_next/static/chunks/8445-4b0b863c9ebbeeca.js
/home/gurkirat/flocafe-matrix-tmp/tmp/appimage_extracted_4f09b7978c0c0f2230a3d5114d2ea9dc/resources/frontend-out/_next/static/chunks/8500-01a63dafd809e317.js
/home/gurkirat/flocafe-matrix-tmp/tmp/appimage_extracted_4f09b7978c0c0f2230a3d5114d2ea9dc/resources/frontend-out/_next/static/chunks/8900-ee18e0751e07b6f5.js
/home/gurkirat/flocafe-matrix-tmp/tmp/appimage_extracted_4f09b7978c0c0f2230a3d5114d2ea9dc/resources/frontend-out/_next/static/chunks/898-8a53fa732281438c.js
/home/gurkirat/flocafe-matrix-tmp/tmp/appimage_extracted_4f09b7978c0c0f2230a3d5114d2ea9dc/resources/frontend-out/_next/static/chunks/9110-ce743af68e59dad3.js
/home/gurkirat/flocafe-matrix-tmp/tmp/appimage_extracted_4f09b7978c0c0f2230a3d5114d2ea9dc/resources/frontend-out/_next/static/chunks/9155-0422c7052c9b5da1.js
/home/gurkirat/flocafe-matrix-tmp/tmp/appimage_extracted_4f09b7978c0c0f2230a3d5114d2ea9dc/resources/frontend-out/_next/static/chunks/9245-cf4fda83ebdb3c8f.js
/home/gurkirat/flocafe-matrix-tmp/tmp/appimage_extracted_4f09b7978c0c0f2230a3d5114d2ea9dc/resources/frontend-out/_next/static/chunks/9271-851d0108353a891f.js
/home/gurkirat/flocafe-matrix-tmp/tmp/appimage_extracted_4f09b7978c0c0f2230a3d5114d2ea9dc/resources/frontend-out/_next/static/chunks/940-19d16e93435f5b3a.js
/home/gurkirat/flocafe-matrix-tmp/tmp/appimage_extracted_4f09b7978c0c0f2230a3d5114d2ea9dc/resources/frontend-out/_next/static/chunks/952-288849f884b4de80.js
/home/gurkirat/flocafe-matrix-tmp/tmp/appimage_extracted_4f09b7978c0c0f2230a3d5114d2ea9dc/resources/frontend-out/_next/static/chunks/9551-741283e624225f0b.js
/home/gurkirat/flocafe-matrix-tmp/tmp/appimage_extracted_4f09b7978c0c0f2230a3d5114d2ea9dc/resources/frontend-out/_next/static/chunks/9628-90898a701541d48f.js
/home/gurkirat/flocafe-matrix-tmp/tmp/appimage_extracted_4f09b7978c0c0f2230a3d5114d2ea9dc/resources/frontend-out/_next/static/chunks/9793-8bd3178c5cf6a332.js
/home/gurkirat/flocafe-matrix-tmp/tmp/appimage_extracted_4f09b7978c0c0f2230a3d5114d2ea9dc/resources/frontend-out/_next/static/chunks/app
/home/gurkirat/flocafe-matrix-tmp/tmp/appimage_extracted_4f09b7978c0c0f2230a3d5114d2ea9dc/resources/frontend-out/_next/static/chunks/app/(dashboard)
/home/gurkirat/flocafe-matrix-tmp/tmp/appimage_extracted_4f09b7978c0c0f2230a3d5114d2ea9dc/resources/frontend-out/_next/static/chunks/app/(dashboard)/._addon-groups
/home/gurkirat/flocafe-matrix-tmp/tmp/appimage_extracted_4f09b7978c0c0f2230a3d5114d2ea9dc/resources/frontend-out/_next/static/chunks/app/(dashboard)/._customers
/home/gurkirat/flocafe-matrix-tmp/tmp/appimage_extracted_4f09b7978c0c0f2230a3d5114d2ea9dc/resources/frontend-out/_next/static/chunks/app/(dashboard)/._dashboard
/home/gurkirat/flocafe-matrix-tmp/tmp/appimage_extracted_4f09b7978c0c0f2230a3d5114d2ea9dc/resources/frontend-out/_next/static/chunks/app/(dashboard)/._kds
/home/gurkirat/flocafe-matrix-tmp/tmp/appimage_extracted_4f09b7978c0c0f2230a3d5114d2ea9dc/resources/frontend-out/_next/static/chunks/app/(dashboard)/._layout-749929c09a6ca9c0.js
/home/gurkirat/flocafe-matrix-tmp/tmp/appimage_extracted_4f09b7978c0c0f2230a3d5114d2ea9dc/resources/frontend-out/_next/static/chunks/app/(dashboard)/._order-history-demo
/home/gurkirat/flocafe-matrix-tmp/tmp/appimage_extracted_4f09b7978c0c0f2230a3d5114d2ea9dc/resources/frontend-out/_next/static/chunks/app/(dashboard)/._orders
/home/gurkirat/flocafe-matrix-tmp/tmp/appimage_extracted_4f09b7978c0c0f2230a3d5114d2ea9dc/resources/frontend-out/_next/static/chunks/app/(dashboard)/._pos
/home/gurkirat/flocafe-matrix-tmp/tmp/appimage_extracted_4f09b7978c0c0f2230a3d5114d2ea9dc/resources/frontend-out/_next/static/chunks/app/(dashboard)/._print-test
/home/gurkirat/flocafe-matrix-tmp/tmp/appimage_extracted_4f09b7978c0c0f2230a3d5114d2ea9dc/resources/frontend-out/_next/static/chunks/app/(dashboard)/._products
/home/gurkirat/flocafe-matrix-tmp/tmp/appimage_extracted_4f09b7978c0c0f2230a3d5114d2ea9dc/resources/frontend-out/_next/static/chunks/app/(dashboard)/._settings
/home/gurkirat/flocafe-matrix-tmp/tmp/appimage_extracted_4f09b7978c0c0f2230a3d5114d2ea9dc/resources/frontend-out/_next/static/chunks/app/(dashboard)/._staff
/home/gurkirat/flocafe-matrix-tmp/tmp/appimage_extracted_4f09b7978c0c0f2230a3d5114d2ea9dc/resources/frontend-out/_next/static/chunks/app/(dashboard)/._support
/home/gurkirat/flocafe-matrix-tmp/tmp/appimage_extracted_4f09b7978c0c0f2230a3d5114d2ea9dc/resources/frontend-out/_next/static/chunks/app/(dashboard)/._tables
/home/gurkirat/flocafe-matrix-tmp/tmp/appimage_extracted_4f09b7978c0c0f2230a3d5114d2ea9dc/resources/frontend-out/_next/static/chunks/app/(dashboard)/._whatsapp
/home/gurkirat/flocafe-matrix-tmp/tmp/appimage_extracted_4f09b7978c0c0f2230a3d5114d2ea9dc/resources/frontend-out/_next/static/chunks/app/(dashboard)/addon-groups
/home/gurkirat/flocafe-matrix-tmp/tmp/appimage_extracted_4f09b7978c0c0f2230a3d5114d2ea9dc/resources/frontend-out/_next/static/chunks/app/(dashboard)/addon-groups/._page-4ab46974b895d6a1.js
/home/gurkirat/flocafe-matrix-tmp/tmp/appimage_extracted_4f09b7978c0c0f2230a3d5114d2ea9dc/resources/frontend-out/_next/static/chunks/app/(dashboard)/addon-groups/page-4ab46974b895d6a1.js
/home/gurkirat/flocafe-matrix-tmp/tmp/appimage_extracted_4f09b7978c0c0f2230a3d5114d2ea9dc/resources/frontend-out/_next/static/chunks/app/(dashboard)/customers
/home/gurkirat/flocafe-matrix-tmp/tmp/appimage_extracted_4f09b7978c0c0f2230a3d5114d2ea9dc/resources/frontend-out/_next/static/chunks/app/(dashboard)/customers/._page-8f9fe07dbe929cf0.js
/home/gurkirat/flocafe-matrix-tmp/tmp/appimage_extracted_4f09b7978c0c0f2230a3d5114d2ea9dc/resources/frontend-out/_next/static/chunks/app/(dashboard)/customers/page-8f9fe07dbe929cf0.js
/home/gurkirat/flocafe-matrix-tmp/tmp/appimage_extracted_4f09b7978c0c0f2230a3d5114d2ea9dc/resources/frontend-out/_next/static/chunks/app/(dashboard)/dashboard
/home/gurkirat/flocafe-matrix-tmp/tmp/appimage_extracted_4f09b7978c0c0f2230a3d5114d2ea9dc/resources/frontend-out/_next/static/chunks/app/(dashboard)/dashboard/._page-61aeefdb02fe81af.js
/home/gurkirat/flocafe-matrix-tmp/tmp/appimage_extracted_4f09b7978c0c0f2230a3d5114d2ea9dc/resources/frontend-out/_next/static/chunks/app/(dashboard)/dashboard/page-61aeefdb02fe81af.js
/home/gurkirat/flocafe-matrix-tmp/tmp/appimage_extracted_4f09b7978c0c0f2230a3d5114d2ea9dc/resources/frontend-out/_next/static/chunks/app/(dashboard)/kds
/home/gurkirat/flocafe-matrix-tmp/tmp/appimage_extracted_4f09b7978c0c0f2230a3d5114d2ea9dc/resources/frontend-out/_next/static/chunks/app/(dashboard)/kds/._page-e81c67b1817f0aee.js
/home/gurkirat/flocafe-matrix-tmp/tmp/appimage_extracted_4f09b7978c0c0f2230a3d5114d2ea9dc/resources/frontend-out/_next/static/chunks/app/(dashboard)/kds/page-e81c67b1817f0aee.js
/home/gurkirat/flocafe-matrix-tmp/tmp/appimage_extracted_4f09b7978c0c0f2230a3d5114d2ea9dc/resources/frontend-out/_next/static/chunks/app/(dashboard)/layout-749929c09a6ca9c0.js
/home/gurkirat/flocafe-matrix-tmp/tmp/appimage_extracted_4f09b7978c0c0f2230a3d5114d2ea9dc/resources/frontend-out/_next/static/chunks/app/(dashboard)/order-history-demo
/home/gurkirat/flocafe-matrix-tmp/tmp/appimage_extracted_4f09b7978c0c0f2230a3d5114d2ea9dc/resources/frontend-out/_next/static/chunks/app/(dashboard)/order-history-demo/._page-a153862f00046133.js
/home/gurkirat/flocafe-matrix-tmp/tmp/appimage_extracted_4f09b7978c0c0f2230a3d5114d2ea9dc/resources/frontend-out/_next/static/chunks/app/(dashboard)/order-history-demo/page-a153862f00046133.js
/home/gurkirat/flocafe-matrix-tmp/tmp/appimage_extracted_4f09b7978c0c0f2230a3d5114d2ea9dc/resources/frontend-out/_next/static/chunks/app/(dashboard)/orders
/home/gurkirat/flocafe-matrix-tmp/tmp/appimage_extracted_4f09b7978c0c0f2230a3d5114d2ea9dc/resources/frontend-out/_next/static/chunks/app/(dashboard)/orders/._page-13cbeb7ae0c946d7.js
/home/gurkirat/flocafe-matrix-tmp/tmp/appimage_extracted_4f09b7978c0c0f2230a3d5114d2ea9dc/resources/frontend-out/_next/static/chunks/app/(dashboard)/orders/page-13cbeb7ae0c946d7.js
/home/gurkirat/flocafe-matrix-tmp/tmp/appimage_extracted_4f09b7978c0c0f2230a3d5114d2ea9dc/resources/frontend-out/_next/static/chunks/app/(dashboard)/pos
/home/gurkirat/flocafe-matrix-tmp/tmp/appimage_extracted_4f09b7978c0c0f2230a3d5114d2ea9dc/resources/frontend-out/_next/static/chunks/app/(dashboard)/pos/._page-0ec44830cb4651ef.js
/home/gurkirat/flocafe-matrix-tmp/tmp/appimage_extracted_4f09b7978c0c0f2230a3d5114d2ea9dc/resources/frontend-out/_next/static/chunks/app/(dashboard)/pos/page-0ec44830cb4651ef.js
/home/gurkirat/flocafe-matrix-tmp/tmp/appimage_extracted_4f09b7978c0c0f2230a3d5114d2ea9dc/resources/frontend-out/_next/static/chunks/app/(dashboard)/print-test
/home/gurkirat/flocafe-matrix-tmp/tmp/appimage_extracted_4f09b7978c0c0f2230a3d5114d2ea9dc/resources/frontend-out/_next/static/chunks/app/(dashboard)/print-test/._page-ca05a397d705f089.js
/home/gurkirat/flocafe-matrix-tmp/tmp/appimage_extracted_4f09b7978c0c0f2230a3d5114d2ea9dc/resources/frontend-out/_next/static/chunks/app/(dashboard)/print-test/page-ca05a397d705f089.js
/home/gurkirat/flocafe-matrix-tmp/tmp/appimage_extracted_4f09b7978c0c0f2230a3d5114d2ea9dc/resources/frontend-out/_next/static/chunks/app/(dashboard)/products
/home/gurkirat/flocafe-matrix-tmp/tmp/appimage_extracted_4f09b7978c0c0f2230a3d5114d2ea9dc/resources/frontend-out/_next/static/chunks/app/(dashboard)/products/._page-e7efcea396399ce2.js
/home/gurkirat/flocafe-matrix-tmp/tmp/appimage_extracted_4f09b7978c0c0f2230a3d5114d2ea9dc/resources/frontend-out/_next/static/chunks/app/(dashboard)/products/page-e7efcea396399ce2.js
/home/gurkirat/flocafe-matrix-tmp/tmp/appimage_extracted_4f09b7978c0c0f2230a3d5114d2ea9dc/resources/frontend-out/_next/static/chunks/app/(dashboard)/settings
/home/gurkirat/flocafe-matrix-tmp/tmp/appimage_extracted_4f09b7978c0c0f2230a3d5114d2ea9dc/resources/frontend-out/_next/static/chunks/app/(dashboard)/settings/._page-40c771e0b3e5060f.js
/home/gurkirat/flocafe-matrix-tmp/tmp/appimage_extracted_4f09b7978c0c0f2230a3d5114d2ea9dc/resources/frontend-out/_next/static/chunks/app/(dashboard)/settings/page-40c771e0b3e5060f.js
/home/gurkirat/flocafe-matrix-tmp/tmp/appimage_extracted_4f09b7978c0c0f2230a3d5114d2ea9dc/resources/frontend-out/_next/static/chunks/app/(dashboard)/staff
/home/gurkirat/flocafe-matrix-tmp/tmp/appimage_extracted_4f09b7978c0c0f2230a3d5114d2ea9dc/resources/frontend-out/_next/static/chunks/app/(dashboard)/staff/._page-2596982aab43e2bf.js
/home/gurkirat/flocafe-matrix-tmp/tmp/appimage_extracted_4f09b7978c0c0f2230a3d5114d2ea9dc/resources/frontend-out/_next/static/chunks/app/(dashboard)/staff/page-2596982aab43e2bf.js
/home/gurkirat/flocafe-matrix-tmp/tmp/appimage_extracted_4f09b7978c0c0f2230a3d5114d2ea9dc/resources/frontend-out/_next/static/chunks/app/(dashboard)/support
/home/gurkirat/flocafe-matrix-tmp/tmp/appimage_extracted_4f09b7978c0c0f2230a3d5114d2ea9dc/resources/frontend-out/_next/static/chunks/app/(dashboard)/support/._page-f3920d34d233216c.js
/home/gurkirat/flocafe-matrix-tmp/tmp/appimage_extracted_4f09b7978c0c0f2230a3d5114d2ea9dc/resources/frontend-out/_next/static/chunks/app/(dashboard)/support/page-f3920d34d233216c.js
/home/gurkirat/flocafe-matrix-tmp/tmp/appimage_extracted_4f09b7978c0c0f2230a3d5114d2ea9dc/resources/frontend-out/_next/static/chunks/app/(dashboard)/tables
/home/gurkirat/flocafe-matrix-tmp/tmp/appimage_extracted_4f09b7978c0c0f2230a3d5114d2ea9dc/resources/frontend-out/_next/static/chunks/app/(dashboard)/tables/._page-65ce649da79d7b0d.js
/home/gurkirat/flocafe-matrix-tmp/tmp/appimage_extracted_4f09b7978c0c0f2230a3d5114d2ea9dc/resources/frontend-out/_next/static/chunks/app/(dashboard)/tables/page-65ce649da79d7b0d.js
/home/gurkirat/flocafe-matrix-tmp/tmp/appimage_extracted_4f09b7978c0c0f2230a3d5114d2ea9dc/resources/frontend-out/_next/static/chunks/app/(dashboard)/whatsapp
/home/gurkirat/flocafe-matrix-tmp/tmp/appimage_extracted_4f09b7978c0c0f2230a3d5114d2ea9dc/resources/frontend-out/_next/static/chunks/app/(dashboard)/whatsapp/._page-4edd23bbbad195fc.js
/home/gurkirat/flocafe-matrix-tmp/tmp/appimage_extracted_4f09b7978c0c0f2230a3d5114d2ea9dc/resources/frontend-out/_next/static/chunks/app/(dashboard)/whatsapp/page-4edd23bbbad195fc.js
/home/gurkirat/flocafe-matrix-tmp/tmp/appimage_extracted_4f09b7978c0c0f2230a3d5114d2ea9dc/resources/frontend-out/_next/static/chunks/app/._(dashboard)
/home/gurkirat/flocafe-matrix-tmp/tmp/appimage_extracted_4f09b7978c0c0f2230a3d5114d2ea9dc/resources/frontend-out/_next/static/chunks/app/.__global-error
/home/gurkirat/flocafe-matrix-tmp/tmp/appimage_extracted_4f09b7978c0c0f2230a3d5114d2ea9dc/resources/frontend-out/_next/static/chunks/app/.__not-found
/home/gurkirat/flocafe-matrix-tmp/tmp/appimage_extracted_4f09b7978c0c0f2230a3d5114d2ea9dc/resources/frontend-out/_next/static/chunks/app/._auth
/home/gurkirat/flocafe-matrix-tmp/tmp/appimage_extracted_4f09b7978c0c0f2230a3d5114d2ea9dc/resources/frontend-out/_next/static/chunks/app/._customer-display
/home/gurkirat/flocafe-matrix-tmp/tmp/appimage_extracted_4f09b7978c0c0f2230a3d5114d2ea9dc/resources/frontend-out/_next/static/chunks/app/._kds-standalone
/home/gurkirat/flocafe-matrix-tmp/tmp/appimage_extracted_4f09b7978c0c0f2230a3d5114d2ea9dc/resources/frontend-out/_next/static/chunks/app/._layout-113d42d0d1e0c55a.js
/home/gurkirat/flocafe-matrix-tmp/tmp/appimage_extracted_4f09b7978c0c0f2230a3d5114d2ea9dc/resources/frontend-out/_next/static/chunks/app/._page-fc0a708587115dfe.js
/home/gurkirat/flocafe-matrix-tmp/tmp/appimage_extracted_4f09b7978c0c0f2230a3d5114d2ea9dc/resources/frontend-out/_next/static/chunks/app/._server-standalone
/home/gurkirat/flocafe-matrix-tmp/tmp/appimage_extracted_4f09b7978c0c0f2230a3d5114d2ea9dc/resources/frontend-out/_next/static/chunks/app/._setup
/home/gurkirat/flocafe-matrix-tmp/tmp/appimage_extracted_4f09b7978c0c0f2230a3d5114d2ea9dc/resources/frontend-out/_next/static/chunks/app/_global-error
/home/gurkirat/flocafe-matrix-tmp/tmp/appimage_extracted_4f09b7978c0c0f2230a3d5114d2ea9dc/resources/frontend-out/_next/static/chunks/app/_global-error/._page-fc0a708587115dfe.js
/home/gurkirat/flocafe-matrix-tmp/tmp/appimage_extracted_4f09b7978c0c0f2230a3d5114d2ea9dc/resources/frontend-out/_next/static/chunks/app/_global-error/page-fc0a708587115dfe.js
/home/gurkirat/flocafe-matrix-tmp/tmp/appimage_extracted_4f09b7978c0c0f2230a3d5114d2ea9dc/resources/frontend-out/_next/static/chunks/app/_not-found
/home/gurkirat/flocafe-matrix-tmp/tmp/appimage_extracted_4f09b7978c0c0f2230a3d5114d2ea9dc/resources/frontend-out/_next/static/chunks/app/_not-found/._page-78f254659e113f46.js
/home/gurkirat/flocafe-matrix-tmp/tmp/appimage_extracted_4f09b7978c0c0f2230a3d5114d2ea9dc/resources/frontend-out/_next/static/chunks/app/_not-found/page-78f254659e113f46.js
/home/gurkirat/flocafe-matrix-tmp/tmp/appimage_extracted_4f09b7978c0c0f2230a3d5114d2ea9dc/resources/frontend-out/_next/static/chunks/app/auth
/home/gurkirat/flocafe-matrix-tmp/tmp/appimage_extracted_4f09b7978c0c0f2230a3d5114d2ea9dc/resources/frontend-out/_next/static/chunks/app/auth/._login
/home/gurkirat/flocafe-matrix-tmp/tmp/appimage_extracted_4f09b7978c0c0f2230a3d5114d2ea9dc/resources/frontend-out/_next/static/chunks/app/auth/._recover
/home/gurkirat/flocafe-matrix-tmp/tmp/appimage_extracted_4f09b7978c0c0f2230a3d5114d2ea9dc/resources/frontend-out/_next/static/chunks/app/auth/._register
/home/gurkirat/flocafe-matrix-tmp/tmp/appimage_extracted_4f09b7978c0c0f2230a3d5114d2ea9dc/resources/frontend-out/_next/static/chunks/app/auth/login
/home/gurkirat/flocafe-matrix-tmp/tmp/appimage_extracted_4f09b7978c0c0f2230a3d5114d2ea9dc/resources/frontend-out/_next/static/chunks/app/auth/login/._page-86611927defe3bde.js
/home/gurkirat/flocafe-matrix-tmp/tmp/appimage_extracted_4f09b7978c0c0f2230a3d5114d2ea9dc/resources/frontend-out/_next/static/chunks/app/auth/login/page-86611927defe3bde.js
/home/gurkirat/flocafe-matrix-tmp/tmp/appimage_extracted_4f09b7978c0c0f2230a3d5114d2ea9dc/resources/frontend-out/_next/static/chunks/app/auth/recover
/home/gurkirat/flocafe-matrix-tmp/tmp/appimage_extracted_4f09b7978c0c0f2230a3d5114d2ea9dc/resources/frontend-out/_next/static/chunks/app/auth/recover/._page-2fd35577a73bd47d.js
/home/gurkirat/flocafe-matrix-tmp/tmp/appimage_extracted_4f09b7978c0c0f2230a3d5114d2ea9dc/resources/frontend-out/_next/static/chunks/app/auth/recover/page-2fd35577a73bd47d.js
/home/gurkirat/flocafe-matrix-tmp/tmp/appimage_extracted_4f09b7978c0c0f2230a3d5114d2ea9dc/resources/frontend-out/_next/static/chunks/app/auth/register
/home/gurkirat/flocafe-matrix-tmp/tmp/appimage_extracted_4f09b7978c0c0f2230a3d5114d2ea9dc/resources/frontend-out/_next/static/chunks/app/auth/register/._page-dd6873c83007cef0.js
/home/gurkirat/flocafe-matrix-tmp/tmp/appimage_extracted_4f09b7978c0c0f2230a3d5114d2ea9dc/resources/frontend-out/_next/static/chunks/app/auth/register/page-dd6873c83007cef0.js
/home/gurkirat/flocafe-matrix-tmp/tmp/appimage_extracted_4f09b7978c0c0f2230a3d5114d2ea9dc/resources/frontend-out/_next/static/chunks/app/customer-display
/home/gurkirat/flocafe-matrix-tmp/tmp/appimage_extracted_4f09b7978c0c0f2230a3d5114d2ea9dc/resources/frontend-out/_next/static/chunks/app/customer-display/._page-727aeafe31a96897.js
/home/gurkirat/flocafe-matrix-tmp/tmp/appimage_extracted_4f09b7978c0c0f2230a3d5114d2ea9dc/resources/frontend-out/_next/static/chunks/app/customer-display/page-727aeafe31a96897.js
/home/gurkirat/flocafe-matrix-tmp/tmp/appimage_extracted_4f09b7978c0c0f2230a3d5114d2ea9dc/resources/frontend-out/_next/static/chunks/app/kds-standalone
/home/gurkirat/flocafe-matrix-tmp/tmp/appimage_extracted_4f09b7978c0c0f2230a3d5114d2ea9dc/resources/frontend-out/_next/static/chunks/app/kds-standalone/._layout-b2e5c977c34d1a4f.js
/home/gurkirat/flocafe-matrix-tmp/tmp/appimage_extracted_4f09b7978c0c0f2230a3d5114d2ea9dc/resources/frontend-out/_next/static/chunks/app/kds-standalone/._page-3fa1948d0fa5ff87.js
/home/gurkirat/flocafe-matrix-tmp/tmp/appimage_extracted_4f09b7978c0c0f2230a3d5114d2ea9dc/resources/frontend-out/_next/static/chunks/app/kds-standalone/layout-b2e5c977c34d1a4f.js
/home/gurkirat/flocafe-matrix-tmp/tmp/appimage_extracted_4f09b7978c0c0f2230a3d5114d2ea9dc/resources/frontend-out/_next/static/chunks/app/kds-standalone/page-3fa1948d0fa5ff87.js
/home/gurkirat/flocafe-matrix-tmp/tmp/appimage_extracted_4f09b7978c0c0f2230a3d5114d2ea9dc/resources/frontend-out/_next/static/chunks/app/layout-113d42d0d1e0c55a.js
/home/gurkirat/flocafe-matrix-tmp/tmp/appimage_extracted_4f09b7978c0c0f2230a3d5114d2ea9dc/resources/frontend-out/_next/static/chunks/app/page-fc0a708587115dfe.js
/home/gurkirat/flocafe-matrix-tmp/tmp/appimage_extracted_4f09b7978c0c0f2230a3d5114d2ea9dc/resources/frontend-out/_next/static/chunks/app/server-standalone
/home/gurkirat/flocafe-matrix-tmp/tmp/appimage_extracted_4f09b7978c0c0f2230a3d5114d2ea9dc/resources/frontend-out/_next/static/chunks/app/server-standalone/._layout-aa48d85946750f16.js
/home/gurkirat/flocafe-matrix-tmp/tmp/appimage_extracted_4f09b7978c0c0f2230a3d5114d2ea9dc/resources/frontend-out/_next/static/chunks/app/server-standalone/._page-ba9f6b1211b032dd.js
/home/gurkirat/flocafe-matrix-tmp/tmp/appimage_extracted_4f09b7978c0c0f2230a3d5114d2ea9dc/resources/frontend-out/_next/static/chunks/app/server-standalone/layout-aa48d85946750f16.js
/home/gurkirat/flocafe-matrix-tmp/tmp/appimage_extracted_4f09b7978c0c0f2230a3d5114d2ea9dc/resources/frontend-out/_next/static/chunks/app/server-standalone/page-ba9f6b1211b032dd.js
/home/gurkirat/flocafe-matrix-tmp/tmp/appimage_extracted_4f09b7978c0c0f2230a3d5114d2ea9dc/resources/frontend-out/_next/static/chunks/app/setup
/home/gurkirat/flocafe-matrix-tmp/tmp/appimage_extracted_4f09b7978c0c0f2230a3d5114d2ea9dc/resources/frontend-out/_next/static/chunks/app/setup/._page-958553b517cf407a.js
/home/gurkirat/flocafe-matrix-tmp/tmp/appimage_extracted_4f09b7978c0c0f2230a3d5114d2ea9dc/resources/frontend-out/_next/static/chunks/app/setup/page-958553b517cf407a.js
/home/gurkirat/flocafe-matrix-tmp/tmp/appimage_extracted_4f09b7978c0c0f2230a3d5114d2ea9dc/resources/frontend-out/_next/static/chunks/framework-666c53740fc261c8.js
/home/gurkirat/flocafe-matrix-tmp/tmp/appimage_extracted_4f09b7978c0c0f2230a3d5114d2ea9dc/resources/frontend-out/_next/static/chunks/main-6a0e6845389bbf36.js
/home/gurkirat/flocafe-matrix-tmp/tmp/appimage_extracted_4f09b7978c0c0f2230a3d5114d2ea9dc/resources/frontend-out/_next/static/chunks/main-app-1bd63bc8fd51824c.js
/home/gurkirat/flocafe-matrix-tmp/tmp/appimage_extracted_4f09b7978c0c0f2230a3d5114d2ea9dc/resources/frontend-out/_next/static/chunks/next
/home/gurkirat/flocafe-matrix-tmp/tmp/appimage_extracted_4f09b7978c0c0f2230a3d5114d2ea9dc/resources/frontend-out/_next/static/chunks/next/._dist
/home/gurkirat/flocafe-matrix-tmp/tmp/appimage_extracted_4f09b7978c0c0f2230a3d5114d2ea9dc/resources/frontend-out/_next/static/chunks/next/dist
/home/gurkirat/flocafe-matrix-tmp/tmp/appimage_extracted_4f09b7978c0c0f2230a3d5114d2ea9dc/resources/frontend-out/_next/static/chunks/next/dist/._client
/home/gurkirat/flocafe-matrix-tmp/tmp/appimage_extracted_4f09b7978c0c0f2230a3d5114d2ea9dc/resources/frontend-out/_next/static/chunks/next/dist/client
/home/gurkirat/flocafe-matrix-tmp/tmp/appimage_extracted_4f09b7978c0c0f2230a3d5114d2ea9dc/resources/frontend-out/_next/static/chunks/next/dist/client/._components
/home/gurkirat/flocafe-matrix-tmp/tmp/appimage_extracted_4f09b7978c0c0f2230a3d5114d2ea9dc/resources/frontend-out/_next/static/chunks/next/dist/client/components
/home/gurkirat/flocafe-matrix-tmp/tmp/appimage_extracted_4f09b7978c0c0f2230a3d5114d2ea9dc/resources/frontend-out/_next/static/chunks/next/dist/client/components/._builtin
/home/gurkirat/flocafe-matrix-tmp/tmp/appimage_extracted_4f09b7978c0c0f2230a3d5114d2ea9dc/resources/frontend-out/_next/static/chunks/next/dist/client/components/builtin
/home/gurkirat/flocafe-matrix-tmp/tmp/appimage_extracted_4f09b7978c0c0f2230a3d5114d2ea9dc/resources/frontend-out/_next/static/chunks/next/dist/client/components/builtin/._app-error-fc0a708587115dfe.js
/home/gurkirat/flocafe-matrix-tmp/tmp/appimage_extracted_4f09b7978c0c0f2230a3d5114d2ea9dc/resources/frontend-out/_next/static/chunks/next/dist/client/components/builtin/._forbidden-fc0a708587115dfe.js
/home/gurkirat/flocafe-matrix-tmp/tmp/appimage_extracted_4f09b7978c0c0f2230a3d5114d2ea9dc/resources/frontend-out/_next/static/chunks/next/dist/client/components/builtin/._global-error-4f2bb7a8eadf1c64.js
/home/gurkirat/flocafe-matrix-tmp/tmp/appimage_extracted_4f09b7978c0c0f2230a3d5114d2ea9dc/resources/frontend-out/_next/static/chunks/next/dist/client/components/builtin/._not-found-fc0a708587115dfe.js
/home/gurkirat/flocafe-matrix-tmp/tmp/appimage_extracted_4f09b7978c0c0f2230a3d5114d2ea9dc/resources/frontend-out/_next/static/chunks/next/dist/client/components/builtin/._unauthorized-fc0a708587115dfe.js
/home/gurkirat/flocafe-matrix-tmp/tmp/appimage_extracted_4f09b7978c0c0f2230a3d5114d2ea9dc/resources/frontend-out/_next/static/chunks/next/dist/client/components/builtin/app-error-fc0a708587115dfe.js
/home/gurkirat/flocafe-matrix-tmp/tmp/appimage_extracted_4f09b7978c0c0f2230a3d5114d2ea9dc/resources/frontend-out/_next/static/chunks/next/dist/client/components/builtin/forbidden-fc0a708587115dfe.js
/home/gurkirat/flocafe-matrix-tmp/tmp/appimage_extracted_4f09b7978c0c0f2230a3d5114d2ea9dc/resources/frontend-out/_next/static/chunks/next/dist/client/components/builtin/global-error-4f2bb7a8eadf1c64.js
/home/gurkirat/flocafe-matrix-tmp/tmp/appimage_extracted_4f09b7978c0c0f2230a3d5114d2ea9dc/resources/frontend-out/_next/static/chunks/next/dist/client/components/builtin/not-found-fc0a708587115dfe.js
/home/gurkirat/flocafe-matrix-tmp/tmp/appimage_extracted_4f09b7978c0c0f2230a3d5114d2ea9dc/resources/frontend-out/_next/static/chunks/next/dist/client/components/builtin/unauthorized-fc0a708587115dfe.js
/home/gurkirat/flocafe-matrix-tmp/tmp/appimage_extracted_4f09b7978c0c0f2230a3d5114d2ea9dc/resources/frontend-out/_next/static/chunks/polyfills-42372ed130431b0a.js
/home/gurkirat/flocafe-matrix-tmp/tmp/appimage_extracted_4f09b7978c0c0f2230a3d5114d2ea9dc/resources/frontend-out/_next/static/chunks/webpack-3a39db8248bf1aa7.js
/home/gurkirat/flocafe-matrix-tmp/tmp/appimage_extracted_4f09b7978c0c0f2230a3d5114d2ea9dc/resources/frontend-out/_next/static/css
/home/gurkirat/flocafe-matrix-tmp/tmp/appimage_extracted_4f09b7978c0c0f2230a3d5114d2ea9dc/resources/frontend-out/_next/static/css/._050cd614dcca9f4b.css
/home/gurkirat/flocafe-matrix-tmp/tmp/appimage_extracted_4f09b7978c0c0f2230a3d5114d2ea9dc/resources/frontend-out/_next/static/css/._7e7d96b1e6991756.css
/home/gurkirat/flocafe-matrix-tmp/tmp/appimage_extracted_4f09b7978c0c0f2230a3d5114d2ea9dc/resources/frontend-out/_next/static/css/._f49999cf45f49c09.css
/home/gurkirat/flocafe-matrix-tmp/tmp/appimage_extracted_4f09b7978c0c0f2230a3d5114d2ea9dc/resources/frontend-out/_next/static/css/050cd614dcca9f4b.css
/home/gurkirat/flocafe-matrix-tmp/tmp/appimage_extracted_4f09b7978c0c0f2230a3d5114d2ea9dc/resources/frontend-out/_next/static/css/7e7d96b1e6991756.css
/home/gurkirat/flocafe-matrix-tmp/tmp/appimage_extracted_4f09b7978c0c0f2230a3d5114d2ea9dc/resources/frontend-out/_next/static/css/f49999cf45f49c09.css
/home/gurkirat/flocafe-matrix-tmp/tmp/appimage_extracted_4f09b7978c0c0f2230a3d5114d2ea9dc/resources/frontend-out/_next/static/media
/home/gurkirat/flocafe-matrix-tmp/tmp/appimage_extracted_4f09b7978c0c0f2230a3d5114d2ea9dc/resources/frontend-out/_next/static/media/._013b72fa676f92e0-s.woff2
/home/gurkirat/flocafe-matrix-tmp/tmp/appimage_extracted_4f09b7978c0c0f2230a3d5114d2ea9dc/resources/frontend-out/_next/static/media/._19cfc7226ec3afaa-s.woff2
/home/gurkirat/flocafe-matrix-tmp/tmp/appimage_extracted_4f09b7978c0c0f2230a3d5114d2ea9dc/resources/frontend-out/_next/static/media/._21350d82a1f187e9-s.woff2
/home/gurkirat/flocafe-matrix-tmp/tmp/appimage_extracted_4f09b7978c0c0f2230a3d5114d2ea9dc/resources/frontend-out/_next/static/media/._22a5144ee8d83bca-s.woff2
/home/gurkirat/flocafe-matrix-tmp/tmp/appimage_extracted_4f09b7978c0c0f2230a3d5114d2ea9dc/resources/frontend-out/_next/static/media/._2b5b02fc7e511755-s.woff2
/home/gurkirat/flocafe-matrix-tmp/tmp/appimage_extracted_4f09b7978c0c0f2230a3d5114d2ea9dc/resources/frontend-out/_next/static/media/._65f03d54ccadf4a8-s.woff2
/home/gurkirat/flocafe-matrix-tmp/tmp/appimage_extracted_4f09b7978c0c0f2230a3d5114d2ea9dc/resources/frontend-out/_next/static/media/._7d4881bb7e1bf84d-s.woff2
/home/gurkirat/flocafe-matrix-tmp/tmp/appimage_extracted_4f09b7978c0c0f2230a3d5114d2ea9dc/resources/frontend-out/_next/static/media/._8e9860b6e62d6359-s.woff2
/home/gurkirat/flocafe-matrix-tmp/tmp/appimage_extracted_4f09b7978c0c0f2230a3d5114d2ea9dc/resources/frontend-out/_next/static/media/._9766a7e9e2e0ad5a-s.woff2
/home/gurkirat/flocafe-matrix-tmp/tmp/appimage_extracted_4f09b7978c0c0f2230a3d5114d2ea9dc/resources/frontend-out/_next/static/media/._aa016aab0e6d1295-s.woff2
/home/gurkirat/flocafe-matrix-tmp/tmp/appimage_extracted_4f09b7978c0c0f2230a3d5114d2ea9dc/resources/frontend-out/_next/static/media/._b66cf8e69499582a-s.woff2
/home/gurkirat/flocafe-matrix-tmp/tmp/appimage_extracted_4f09b7978c0c0f2230a3d5114d2ea9dc/resources/frontend-out/_next/static/media/._b9408752a0c24fb9-s.woff2
/home/gurkirat/flocafe-matrix-tmp/tmp/appimage_extracted_4f09b7978c0c0f2230a3d5114d2ea9dc/resources/frontend-out/_next/static/media/._ba9851c3c22cd980-s.woff2
/home/gurkirat/flocafe-matrix-tmp/tmp/appimage_extracted_4f09b7978c0c0f2230a3d5114d2ea9dc/resources/frontend-out/_next/static/media/._c5fe6dc8356a8c31-s.woff2
/home/gurkirat/flocafe-matrix-tmp/tmp/appimage_extracted_4f09b7978c0c0f2230a3d5114d2ea9dc/resources/frontend-out/_next/static/media/._df0a9ae256c0569c-s.woff2
/home/gurkirat/flocafe-matrix-tmp/tmp/appimage_extracted_4f09b7978c0c0f2230a3d5114d2ea9dc/resources/frontend-out/_next/static/media/._e038a29029a234f2-s.woff2
/home/gurkirat/flocafe-matrix-tmp/tmp/appimage_extracted_4f09b7978c0c0f2230a3d5114d2ea9dc/resources/frontend-out/_next/static/media/._e4af272ccee01ff0-s.p.woff2
/home/gurkirat/flocafe-matrix-tmp/tmp/appimage_extracted_4f09b7978c0c0f2230a3d5114d2ea9dc/resources/frontend-out/_next/static/media/._f639721981034f88-s.woff2
/home/gurkirat/flocafe-matrix-tmp/tmp/appimage_extracted_4f09b7978c0c0f2230a3d5114d2ea9dc/resources/frontend-out/_next/static/media/013b72fa676f92e0-s.woff2
/home/gurkirat/flocafe-matrix-tmp/tmp/appimage_extracted_4f09b7978c0c0f2230a3d5114d2ea9dc/resources/frontend-out/_next/static/media/19cfc7226ec3afaa-s.woff2
/home/gurkirat/flocafe-matrix-tmp/tmp/appimage_extracted_4f09b7978c0c0f2230a3d5114d2ea9dc/resources/frontend-out/_next/static/media/21350d82a1f187e9-s.woff2
/home/gurkirat/flocafe-matrix-tmp/tmp/appimage_extracted_4f09b7978c0c0f2230a3d5114d2ea9dc/resources/frontend-out/_next/static/media/22a5144ee8d83bca-s.woff2
/home/gurkirat/flocafe-matrix-tmp/tmp/appimage_extracted_4f09b7978c0c0f2230a3d5114d2ea9dc/resources/frontend-out/_next/static/media/2b5b02fc7e511755-s.woff2
/home/gurkirat/flocafe-matrix-tmp/tmp/appimage_extracted_4f09b7978c0c0f2230a3d5114d2ea9dc/resources/frontend-out/_next/static/media/65f03d54ccadf4a8-s.woff2
/home/gurkirat/flocafe-matrix-tmp/tmp/appimage_extracted_4f09b7978c0c0f2230a3d5114d2ea9dc/resources/frontend-out/_next/static/media/7d4881bb7e1bf84d-s.woff2
/home/gurkirat/flocafe-matrix-tmp/tmp/appimage_extracted_4f09b7978c0c0f2230a3d5114d2ea9dc/resources/frontend-out/_next/static/media/8e9860b6e62d6359-s.woff2
/home/gurkirat/flocafe-matrix-tmp/tmp/appimage_extracted_4f09b7978c0c0f2230a3d5114d2ea9dc/resources/frontend-out/_next/static/media/9766a7e9e2e0ad5a-s.woff2
/home/gurkirat/flocafe-matrix-tmp/tmp/appimage_extracted_4f09b7978c0c0f2230a3d5114d2ea9dc/resources/frontend-out/_next/static/media/aa016aab0e6d1295-s.woff2
/home/gurkirat/flocafe-matrix-tmp/tmp/appimage_extracted_4f09b7978c0c0f2230a3d5114d2ea9dc/resources/frontend-out/_next/static/media/b66cf8e69499582a-s.woff2
/home/gurkirat/flocafe-matrix-tmp/tmp/appimage_extracted_4f09b7978c0c0f2230a3d5114d2ea9dc/resources/frontend-out/_next/static/media/b9408752a0c24fb9-s.woff2
/home/gurkirat/flocafe-matrix-tmp/tmp/appimage_extracted_4f09b7978c0c0f2230a3d5114d2ea9dc/resources/frontend-out/_next/static/media/ba9851c3c22cd980-s.woff2
/home/gurkirat/flocafe-matrix-tmp/tmp/appimage_extracted_4f09b7978c0c0f2230a3d5114d2ea9dc/resources/frontend-out/_next/static/media/c5fe6dc8356a8c31-s.woff2
/home/gurkirat/flocafe-matrix-tmp/tmp/appimage_extracted_4f09b7978c0c0f2230a3d5114d2ea9dc/resources/frontend-out/_next/static/media/df0a9ae256c0569c-s.woff2
/home/gurkirat/flocafe-matrix-tmp/tmp/appimage_extracted_4f09b7978c0c0f2230a3d5114d2ea9dc/resources/frontend-out/_next/static/media/e038a29029a234f2-s.woff2
/home/gurkirat/flocafe-matrix-tmp/tmp/appimage_extracted_4f09b7978c0c0f2230a3d5114d2ea9dc/resources/frontend-out/_next/static/media/e4af272ccee01ff0-s.p.woff2
/home/gurkirat/flocafe-matrix-tmp/tmp/appimage_extracted_4f09b7978c0c0f2230a3d5114d2ea9dc/resources/frontend-out/_next/static/media/f639721981034f88-s.woff2
/home/gurkirat/flocafe-matrix-tmp/tmp/appimage_extracted_4f09b7978c0c0f2230a3d5114d2ea9dc/resources/frontend-out/_not-found
/home/gurkirat/flocafe-matrix-tmp/tmp/appimage_extracted_4f09b7978c0c0f2230a3d5114d2ea9dc/resources/frontend-out/_not-found/.___next._full.txt
/home/gurkirat/flocafe-matrix-tmp/tmp/appimage_extracted_4f09b7978c0c0f2230a3d5114d2ea9dc/resources/frontend-out/_not-found/.___next._not-found.__PAGE__.txt
/home/gurkirat/flocafe-matrix-tmp/tmp/appimage_extracted_4f09b7978c0c0f2230a3d5114d2ea9dc/resources/frontend-out/_not-found/.___next._tree.txt
/home/gurkirat/flocafe-matrix-tmp/tmp/appimage_extracted_4f09b7978c0c0f2230a3d5114d2ea9dc/resources/frontend-out/_not-found/._index.html
/home/gurkirat/flocafe-matrix-tmp/tmp/appimage_extracted_4f09b7978c0c0f2230a3d5114d2ea9dc/resources/frontend-out/_not-found/._index.txt
/home/gurkirat/flocafe-matrix-tmp/tmp/appimage_extracted_4f09b7978c0c0f2230a3d5114d2ea9dc/resources/frontend-out/_not-found/__next._full.txt
/home/gurkirat/flocafe-matrix-tmp/tmp/appimage_extracted_4f09b7978c0c0f2230a3d5114d2ea9dc/resources/frontend-out/_not-found/__next._not-found.__PAGE__.txt
/home/gurkirat/flocafe-matrix-tmp/tmp/appimage_extracted_4f09b7978c0c0f2230a3d5114d2ea9dc/resources/frontend-out/_not-found/__next._tree.txt
/home/gurkirat/flocafe-matrix-tmp/tmp/appimage_extracted_4f09b7978c0c0f2230a3d5114d2ea9dc/resources/frontend-out/_not-found/index.html
/home/gurkirat/flocafe-matrix-tmp/tmp/appimage_extracted_4f09b7978c0c0f2230a3d5114d2ea9dc/resources/frontend-out/_not-found/index.txt
/home/gurkirat/flocafe-matrix-tmp/tmp/appimage_extracted_4f09b7978c0c0f2230a3d5114d2ea9dc/resources/frontend-out/addon-groups
/home/gurkirat/flocafe-matrix-tmp/tmp/appimage_extracted_4f09b7978c0c0f2230a3d5114d2ea9dc/resources/frontend-out/addon-groups/.___next.!KGRhc2hib2FyZCk.addon-groups.__PAGE__.txt
/home/gurkirat/flocafe-matrix-tmp/tmp/appimage_extracted_4f09b7978c0c0f2230a3d5114d2ea9dc/resources/frontend-out/addon-groups/.___next._full.txt
/home/gurkirat/flocafe-matrix-tmp/tmp/appimage_extracted_4f09b7978c0c0f2230a3d5114d2ea9dc/resources/frontend-out/addon-groups/.___next._tree.txt
/home/gurkirat/flocafe-matrix-tmp/tmp/appimage_extracted_4f09b7978c0c0f2230a3d5114d2ea9dc/resources/frontend-out/addon-groups/._index.html
/home/gurkirat/flocafe-matrix-tmp/tmp/appimage_extracted_4f09b7978c0c0f2230a3d5114d2ea9dc/resources/frontend-out/addon-groups/._index.txt
/home/gurkirat/flocafe-matrix-tmp/tmp/appimage_extracted_4f09b7978c0c0f2230a3d5114d2ea9dc/resources/frontend-out/addon-groups/__next.!KGRhc2hib2FyZCk.addon-groups.__PAGE__.txt
/home/gurkirat/flocafe-matrix-tmp/tmp/appimage_extracted_4f09b7978c0c0f2230a3d5114d2ea9dc/resources/frontend-out/addon-groups/__next._full.txt
/home/gurkirat/flocafe-matrix-tmp/tmp/appimage_extracted_4f09b7978c0c0f2230a3d5114d2ea9dc/resources/frontend-out/addon-groups/__next._tree.txt
/home/gurkirat/flocafe-matrix-tmp/tmp/appimage_extracted_4f09b7978c0c0f2230a3d5114d2ea9dc/resources/frontend-out/addon-groups/index.html
/home/gurkirat/flocafe-matrix-tmp/tmp/appimage_extracted_4f09b7978c0c0f2230a3d5114d2ea9dc/resources/frontend-out/addon-groups/index.txt
/home/gurkirat/flocafe-matrix-tmp/tmp/appimage_extracted_4f09b7978c0c0f2230a3d5114d2ea9dc/resources/frontend-out/apple-touch-icon.png
/home/gurkirat/flocafe-matrix-tmp/tmp/appimage_extracted_4f09b7978c0c0f2230a3d5114d2ea9dc/resources/frontend-out/auth
/home/gurkirat/flocafe-matrix-tmp/tmp/appimage_extracted_4f09b7978c0c0f2230a3d5114d2ea9dc/resources/frontend-out/auth/._login
/home/gurkirat/flocafe-matrix-tmp/tmp/appimage_extracted_4f09b7978c0c0f2230a3d5114d2ea9dc/resources/frontend-out/auth/._recover
/home/gurkirat/flocafe-matrix-tmp/tmp/appimage_extracted_4f09b7978c0c0f2230a3d5114d2ea9dc/resources/frontend-out/auth/._register
/home/gurkirat/flocafe-matrix-tmp/tmp/appimage_extracted_4f09b7978c0c0f2230a3d5114d2ea9dc/resources/frontend-out/auth/login
/home/gurkirat/flocafe-matrix-tmp/tmp/appimage_extracted_4f09b7978c0c0f2230a3d5114d2ea9dc/resources/frontend-out/auth/login/.___next._full.txt
/home/gurkirat/flocafe-matrix-tmp/tmp/appimage_extracted_4f09b7978c0c0f2230a3d5114d2ea9dc/resources/frontend-out/auth/login/.___next._tree.txt
/home/gurkirat/flocafe-matrix-tmp/tmp/appimage_extracted_4f09b7978c0c0f2230a3d5114d2ea9dc/resources/frontend-out/auth/login/.___next.auth.login.__PAGE__.txt
/home/gurkirat/flocafe-matrix-tmp/tmp/appimage_extracted_4f09b7978c0c0f2230a3d5114d2ea9dc/resources/frontend-out/auth/login/._index.html
/home/gurkirat/flocafe-matrix-tmp/tmp/appimage_extracted_4f09b7978c0c0f2230a3d5114d2ea9dc/resources/frontend-out/auth/login/._index.txt
/home/gurkirat/flocafe-matrix-tmp/tmp/appimage_extracted_4f09b7978c0c0f2230a3d5114d2ea9dc/resources/frontend-out/auth/login/__next._full.txt
/home/gurkirat/flocafe-matrix-tmp/tmp/appimage_extracted_4f09b7978c0c0f2230a3d5114d2ea9dc/resources/frontend-out/auth/login/__next._tree.txt
/home/gurkirat/flocafe-matrix-tmp/tmp/appimage_extracted_4f09b7978c0c0f2230a3d5114d2ea9dc/resources/frontend-out/auth/login/__next.auth.login.__PAGE__.txt
/home/gurkirat/flocafe-matrix-tmp/tmp/appimage_extracted_4f09b7978c0c0f2230a3d5114d2ea9dc/resources/frontend-out/auth/login/index.html
/home/gurkirat/flocafe-matrix-tmp/tmp/appimage_extracted_4f09b7978c0c0f2230a3d5114d2ea9dc/resources/frontend-out/auth/login/index.txt
/home/gurkirat/flocafe-matrix-tmp/tmp/appimage_extracted_4f09b7978c0c0f2230a3d5114d2ea9dc/resources/frontend-out/auth/recover
/home/gurkirat/flocafe-matrix-tmp/tmp/appimage_extracted_4f09b7978c0c0f2230a3d5114d2ea9dc/resources/frontend-out/auth/recover/.___next._full.txt
/home/gurkirat/flocafe-matrix-tmp/tmp/appimage_extracted_4f09b7978c0c0f2230a3d5114d2ea9dc/resources/frontend-out/auth/recover/.___next._tree.txt
/home/gurkirat/flocafe-matrix-tmp/tmp/appimage_extracted_4f09b7978c0c0f2230a3d5114d2ea9dc/resources/frontend-out/auth/recover/.___next.auth.recover.__PAGE__.txt
/home/gurkirat/flocafe-matrix-tmp/tmp/appimage_extracted_4f09b7978c0c0f2230a3d5114d2ea9dc/resources/frontend-out/auth/recover/._index.html
/home/gurkirat/flocafe-matrix-tmp/tmp/appimage_extracted_4f09b7978c0c0f2230a3d5114d2ea9dc/resources/frontend-out/auth/recover/._index.txt
/home/gurkirat/flocafe-matrix-tmp/tmp/appimage_extracted_4f09b7978c0c0f2230a3d5114d2ea9dc/resources/frontend-out/auth/recover/__next._full.txt
/home/gurkirat/flocafe-matrix-tmp/tmp/appimage_extracted_4f09b7978c0c0f2230a3d5114d2ea9dc/resources/frontend-out/auth/recover/__next._tree.txt
/home/gurkirat/flocafe-matrix-tmp/tmp/appimage_extracted_4f09b7978c0c0f2230a3d5114d2ea9dc/resources/frontend-out/auth/recover/__next.auth.recover.__PAGE__.txt
/home/gurkirat/flocafe-matrix-tmp/tmp/appimage_extracted_4f09b7978c0c0f2230a3d5114d2ea9dc/resources/frontend-out/auth/recover/index.html
/home/gurkirat/flocafe-matrix-tmp/tmp/appimage_extracted_4f09b7978c0c0f2230a3d5114d2ea9dc/resources/frontend-out/auth/recover/index.txt
/home/gurkirat/flocafe-matrix-tmp/tmp/appimage_extracted_4f09b7978c0c0f2230a3d5114d2ea9dc/resources/frontend-out/auth/register
/home/gurkirat/flocafe-matrix-tmp/tmp/appimage_extracted_4f09b7978c0c0f2230a3d5114d2ea9dc/resources/frontend-out/auth/register/.___next._full.txt
/home/gurkirat/flocafe-matrix-tmp/tmp/appimage_extracted_4f09b7978c0c0f2230a3d5114d2ea9dc/resources/frontend-out/auth/register/.___next._tree.txt
/home/gurkirat/flocafe-matrix-tmp/tmp/appimage_extracted_4f09b7978c0c0f2230a3d5114d2ea9dc/resources/frontend-out/auth/register/.___next.auth.register.__PAGE__.txt
/home/gurkirat/flocafe-matrix-tmp/tmp/appimage_extracted_4f09b7978c0c0f2230a3d5114d2ea9dc/resources/frontend-out/auth/register/._index.html
/home/gurkirat/flocafe-matrix-tmp/tmp/appimage_extracted_4f09b7978c0c0f2230a3d5114d2ea9dc/resources/frontend-out/auth/register/._index.txt
/home/gurkirat/flocafe-matrix-tmp/tmp/appimage_extracted_4f09b7978c0c0f2230a3d5114d2ea9dc/resources/frontend-out/auth/register/__next._full.txt
/home/gurkirat/flocafe-matrix-tmp/tmp/appimage_extracted_4f09b7978c0c0f2230a3d5114d2ea9dc/resources/frontend-out/auth/register/__next._tree.txt
/home/gurkirat/flocafe-matrix-tmp/tmp/appimage_extracted_4f09b7978c0c0f2230a3d5114d2ea9dc/resources/frontend-out/auth/register/__next.auth.register.__PAGE__.txt
/home/gurkirat/flocafe-matrix-tmp/tmp/appimage_extracted_4f09b7978c0c0f2230a3d5114d2ea9dc/resources/frontend-out/auth/register/index.html
/home/gurkirat/flocafe-matrix-tmp/tmp/appimage_extracted_4f09b7978c0c0f2230a3d5114d2ea9dc/resources/frontend-out/auth/register/index.txt
/home/gurkirat/flocafe-matrix-tmp/tmp/appimage_extracted_4f09b7978c0c0f2230a3d5114d2ea9dc/resources/frontend-out/customer-display
/home/gurkirat/flocafe-matrix-tmp/tmp/appimage_extracted_4f09b7978c0c0f2230a3d5114d2ea9dc/resources/frontend-out/customer-display/.___next._full.txt
/home/gurkirat/flocafe-matrix-tmp/tmp/appimage_extracted_4f09b7978c0c0f2230a3d5114d2ea9dc/resources/frontend-out/customer-display/.___next._tree.txt
/home/gurkirat/flocafe-matrix-tmp/tmp/appimage_extracted_4f09b7978c0c0f2230a3d5114d2ea9dc/resources/frontend-out/customer-display/.___next.customer-display.__PAGE__.txt
/home/gurkirat/flocafe-matrix-tmp/tmp/appimage_extracted_4f09b7978c0c0f2230a3d5114d2ea9dc/resources/frontend-out/customer-display/._index.html
/home/gurkirat/flocafe-matrix-tmp/tmp/appimage_extracted_4f09b7978c0c0f2230a3d5114d2ea9dc/resources/frontend-out/customer-display/._index.txt
/home/gurkirat/flocafe-matrix-tmp/tmp/appimage_extracted_4f09b7978c0c0f2230a3d5114d2ea9dc/resources/frontend-out/customer-display/__next._full.txt
/home/gurkirat/flocafe-matrix-tmp/tmp/appimage_extracted_4f09b7978c0c0f2230a3d5114d2ea9dc/resources/frontend-out/customer-display/__next._tree.txt
/home/gurkirat/flocafe-matrix-tmp/tmp/appimage_extracted_4f09b7978c0c0f2230a3d5114d2ea9dc/resources/frontend-out/customer-display/__next.customer-display.__PAGE__.txt
/home/gurkirat/flocafe-matrix-tmp/tmp/appimage_extracted_4f09b7978c0c0f2230a3d5114d2ea9dc/resources/frontend-out/customer-display/index.html
/home/gurkirat/flocafe-matrix-tmp/tmp/appimage_extracted_4f09b7978c0c0f2230a3d5114d2ea9dc/resources/frontend-out/customer-display/index.txt
/home/gurkirat/flocafe-matrix-tmp/tmp/appimage_extracted_4f09b7978c0c0f2230a3d5114d2ea9dc/resources/frontend-out/customers
/home/gurkirat/flocafe-matrix-tmp/tmp/appimage_extracted_4f09b7978c0c0f2230a3d5114d2ea9dc/resources/frontend-out/customers/.___next.!KGRhc2hib2FyZCk.customers.__PAGE__.txt
/home/gurkirat/flocafe-matrix-tmp/tmp/appimage_extracted_4f09b7978c0c0f2230a3d5114d2ea9dc/resources/frontend-out/customers/.___next._full.txt
/home/gurkirat/flocafe-matrix-tmp/tmp/appimage_extracted_4f09b7978c0c0f2230a3d5114d2ea9dc/resources/frontend-out/customers/.___next._tree.txt
/home/gurkirat/flocafe-matrix-tmp/tmp/appimage_extracted_4f09b7978c0c0f2230a3d5114d2ea9dc/resources/frontend-out/customers/._index.html
/home/gurkirat/flocafe-matrix-tmp/tmp/appimage_extracted_4f09b7978c0c0f2230a3d5114d2ea9dc/resources/frontend-out/customers/._index.txt
/home/gurkirat/flocafe-matrix-tmp/tmp/appimage_extracted_4f09b7978c0c0f2230a3d5114d2ea9dc/resources/frontend-out/customers/__next.!KGRhc2hib2FyZCk.customers.__PAGE__.txt
/home/gurkirat/flocafe-matrix-tmp/tmp/appimage_extracted_4f09b7978c0c0f2230a3d5114d2ea9dc/resources/frontend-out/customers/__next._full.txt
/home/gurkirat/flocafe-matrix-tmp/tmp/appimage_extracted_4f09b7978c0c0f2230a3d5114d2ea9dc/resources/frontend-out/customers/__next._tree.txt
/home/gurkirat/flocafe-matrix-tmp/tmp/appimage_extracted_4f09b7978c0c0f2230a3d5114d2ea9dc/resources/frontend-out/customers/index.html
/home/gurkirat/flocafe-matrix-tmp/tmp/appimage_extracted_4f09b7978c0c0f2230a3d5114d2ea9dc/resources/frontend-out/customers/index.txt
/home/gurkirat/flocafe-matrix-tmp/tmp/appimage_extracted_4f09b7978c0c0f2230a3d5114d2ea9dc/resources/frontend-out/dashboard
/home/gurkirat/flocafe-matrix-tmp/tmp/appimage_extracted_4f09b7978c0c0f2230a3d5114d2ea9dc/resources/frontend-out/dashboard/.___next.!KGRhc2hib2FyZCk.dashboard.__PAGE__.txt
/home/gurkirat/flocafe-matrix-tmp/tmp/appimage_extracted_4f09b7978c0c0f2230a3d5114d2ea9dc/resources/frontend-out/dashboard/.___next._full.txt
/home/gurkirat/flocafe-matrix-tmp/tmp/appimage_extracted_4f09b7978c0c0f2230a3d5114d2ea9dc/resources/frontend-out/dashboard/.___next._tree.txt
/home/gurkirat/flocafe-matrix-tmp/tmp/appimage_extracted_4f09b7978c0c0f2230a3d5114d2ea9dc/resources/frontend-out/dashboard/._index.html
/home/gurkirat/flocafe-matrix-tmp/tmp/appimage_extracted_4f09b7978c0c0f2230a3d5114d2ea9dc/resources/frontend-out/dashboard/._index.txt
/home/gurkirat/flocafe-matrix-tmp/tmp/appimage_extracted_4f09b7978c0c0f2230a3d5114d2ea9dc/resources/frontend-out/dashboard/__next.!KGRhc2hib2FyZCk.dashboard.__PAGE__.txt
/home/gurkirat/flocafe-matrix-tmp/tmp/appimage_extracted_4f09b7978c0c0f2230a3d5114d2ea9dc/resources/frontend-out/dashboard/__next._full.txt
/home/gurkirat/flocafe-matrix-tmp/tmp/appimage_extracted_4f09b7978c0c0f2230a3d5114d2ea9dc/resources/frontend-out/dashboard/__next._tree.txt
/home/gurkirat/flocafe-matrix-tmp/tmp/appimage_extracted_4f09b7978c0c0f2230a3d5114d2ea9dc/resources/frontend-out/dashboard/index.html
/home/gurkirat/flocafe-matrix-tmp/tmp/appimage_extracted_4f09b7978c0c0f2230a3d5114d2ea9dc/resources/frontend-out/dashboard/index.txt
/home/gurkirat/flocafe-matrix-tmp/tmp/appimage_extracted_4f09b7978c0c0f2230a3d5114d2ea9dc/resources/frontend-out/favicon-16x16.png
/home/gurkirat/flocafe-matrix-tmp/tmp/appimage_extracted_4f09b7978c0c0f2230a3d5114d2ea9dc/resources/frontend-out/favicon-32x32.png
/home/gurkirat/flocafe-matrix-tmp/tmp/appimage_extracted_4f09b7978c0c0f2230a3d5114d2ea9dc/resources/frontend-out/favicon.ico
/home/gurkirat/flocafe-matrix-tmp/tmp/appimage_extracted_4f09b7978c0c0f2230a3d5114d2ea9dc/resources/frontend-out/file.svg
/home/gurkirat/flocafe-matrix-tmp/tmp/appimage_extracted_4f09b7978c0c0f2230a3d5114d2ea9dc/resources/frontend-out/flo-logo.png
/home/gurkirat/flocafe-matrix-tmp/tmp/appimage_extracted_4f09b7978c0c0f2230a3d5114d2ea9dc/resources/frontend-out/globe.svg
/home/gurkirat/flocafe-matrix-tmp/tmp/appimage_extracted_4f09b7978c0c0f2230a3d5114d2ea9dc/resources/frontend-out/icon-192.png
/home/gurkirat/flocafe-matrix-tmp/tmp/appimage_extracted_4f09b7978c0c0f2230a3d5114d2ea9dc/resources/frontend-out/icon-512.png
/home/gurkirat/flocafe-matrix-tmp/tmp/appimage_extracted_4f09b7978c0c0f2230a3d5114d2ea9dc/resources/frontend-out/index.html
/home/gurkirat/flocafe-matrix-tmp/tmp/appimage_extracted_4f09b7978c0c0f2230a3d5114d2ea9dc/resources/frontend-out/index.txt
/home/gurkirat/flocafe-matrix-tmp/tmp/appimage_extracted_4f09b7978c0c0f2230a3d5114d2ea9dc/resources/frontend-out/kds
/home/gurkirat/flocafe-matrix-tmp/tmp/appimage_extracted_4f09b7978c0c0f2230a3d5114d2ea9dc/resources/frontend-out/kds/.___next.!KGRhc2hib2FyZCk.kds.__PAGE__.txt
/home/gurkirat/flocafe-matrix-tmp/tmp/appimage_extracted_4f09b7978c0c0f2230a3d5114d2ea9dc/resources/frontend-out/kds/.___next._full.txt
/home/gurkirat/flocafe-matrix-tmp/tmp/appimage_extracted_4f09b7978c0c0f2230a3d5114d2ea9dc/resources/frontend-out/kds/.___next._tree.txt
/home/gurkirat/flocafe-matrix-tmp/tmp/appimage_extracted_4f09b7978c0c0f2230a3d5114d2ea9dc/resources/frontend-out/kds/._index.html
/home/gurkirat/flocafe-matrix-tmp/tmp/appimage_extracted_4f09b7978c0c0f2230a3d5114d2ea9dc/resources/frontend-out/kds/._index.txt
/home/gurkirat/flocafe-matrix-tmp/tmp/appimage_extracted_4f09b7978c0c0f2230a3d5114d2ea9dc/resources/frontend-out/kds/__next.!KGRhc2hib2FyZCk.kds.__PAGE__.txt
/home/gurkirat/flocafe-matrix-tmp/tmp/appimage_extracted_4f09b7978c0c0f2230a3d5114d2ea9dc/resources/frontend-out/kds/__next._full.txt
/home/gurkirat/flocafe-matrix-tmp/tmp/appimage_extracted_4f09b7978c0c0f2230a3d5114d2ea9dc/resources/frontend-out/kds/__next._tree.txt
/home/gurkirat/flocafe-matrix-tmp/tmp/appimage_extracted_4f09b7978c0c0f2230a3d5114d2ea9dc/resources/frontend-out/kds/index.html
/home/gurkirat/flocafe-matrix-tmp/tmp/appimage_extracted_4f09b7978c0c0f2230a3d5114d2ea9dc/resources/frontend-out/kds/index.txt
/home/gurkirat/flocafe-matrix-tmp/tmp/appimage_extracted_4f09b7978c0c0f2230a3d5114d2ea9dc/resources/frontend-out/kds-standalone
/home/gurkirat/flocafe-matrix-tmp/tmp/appimage_extracted_4f09b7978c0c0f2230a3d5114d2ea9dc/resources/frontend-out/kds-standalone/.___next._full.txt
/home/gurkirat/flocafe-matrix-tmp/tmp/appimage_extracted_4f09b7978c0c0f2230a3d5114d2ea9dc/resources/frontend-out/kds-standalone/.___next._tree.txt
/home/gurkirat/flocafe-matrix-tmp/tmp/appimage_extracted_4f09b7978c0c0f2230a3d5114d2ea9dc/resources/frontend-out/kds-standalone/.___next.kds-standalone.__PAGE__.txt
/home/gurkirat/flocafe-matrix-tmp/tmp/appimage_extracted_4f09b7978c0c0f2230a3d5114d2ea9dc/resources/frontend-out/kds-standalone/._index.html
/home/gurkirat/flocafe-matrix-tmp/tmp/appimage_extracted_4f09b7978c0c0f2230a3d5114d2ea9dc/resources/frontend-out/kds-standalone/._index.txt
/home/gurkirat/flocafe-matrix-tmp/tmp/appimage_extracted_4f09b7978c0c0f2230a3d5114d2ea9dc/resources/frontend-out/kds-standalone/__next._full.txt
/home/gurkirat/flocafe-matrix-tmp/tmp/appimage_extracted_4f09b7978c0c0f2230a3d5114d2ea9dc/resources/frontend-out/kds-standalone/__next._tree.txt
/home/gurkirat/flocafe-matrix-tmp/tmp/appimage_extracted_4f09b7978c0c0f2230a3d5114d2ea9dc/resources/frontend-out/kds-standalone/__next.kds-standalone.__PAGE__.txt
/home/gurkirat/flocafe-matrix-tmp/tmp/appimage_extracted_4f09b7978c0c0f2230a3d5114d2ea9dc/resources/frontend-out/kds-standalone/index.html
/home/gurkirat/flocafe-matrix-tmp/tmp/appimage_extracted_4f09b7978c0c0f2230a3d5114d2ea9dc/resources/frontend-out/kds-standalone/index.txt
/home/gurkirat/flocafe-matrix-tmp/tmp/appimage_extracted_4f09b7978c0c0f2230a3d5114d2ea9dc/resources/frontend-out/logo-white.png
/home/gurkirat/flocafe-matrix-tmp/tmp/appimage_extracted_4f09b7978c0c0f2230a3d5114d2ea9dc/resources/frontend-out/logo.png
/home/gurkirat/flocafe-matrix-tmp/tmp/appimage_extracted_4f09b7978c0c0f2230a3d5114d2ea9dc/resources/frontend-out/logo.svg
/home/gurkirat/flocafe-matrix-tmp/tmp/appimage_extracted_4f09b7978c0c0f2230a3d5114d2ea9dc/resources/frontend-out/manifest.json
/home/gurkirat/flocafe-matrix-tmp/tmp/appimage_extracted_4f09b7978c0c0f2230a3d5114d2ea9dc/resources/frontend-out/next.svg
/home/gurkirat/flocafe-matrix-tmp/tmp/appimage_extracted_4f09b7978c0c0f2230a3d5114d2ea9dc/resources/frontend-out/order-history-demo
/home/gurkirat/flocafe-matrix-tmp/tmp/appimage_extracted_4f09b7978c0c0f2230a3d5114d2ea9dc/resources/frontend-out/order-history-demo/.___next.!KGRhc2hib2FyZCk.order-history-demo.__PAGE__.txt
/home/gurkirat/flocafe-matrix-tmp/tmp/appimage_extracted_4f09b7978c0c0f2230a3d5114d2ea9dc/resources/frontend-out/order-history-demo/.___next._full.txt
/home/gurkirat/flocafe-matrix-tmp/tmp/appimage_extracted_4f09b7978c0c0f2230a3d5114d2ea9dc/resources/frontend-out/order-history-demo/.___next._tree.txt
/home/gurkirat/flocafe-matrix-tmp/tmp/appimage_extracted_4f09b7978c0c0f2230a3d5114d2ea9dc/resources/frontend-out/order-history-demo/._index.html
/home/gurkirat/flocafe-matrix-tmp/tmp/appimage_extracted_4f09b7978c0c0f2230a3d5114d2ea9dc/resources/frontend-out/order-history-demo/._index.txt
/home/gurkirat/flocafe-matrix-tmp/tmp/appimage_extracted_4f09b7978c0c0f2230a3d5114d2ea9dc/resources/frontend-out/order-history-demo/__next.!KGRhc2hib2FyZCk.order-history-demo.__PAGE__.txt
/home/gurkirat/flocafe-matrix-tmp/tmp/appimage_extracted_4f09b7978c0c0f2230a3d5114d2ea9dc/resources/frontend-out/order-history-demo/__next._full.txt
/home/gurkirat/flocafe-matrix-tmp/tmp/appimage_extracted_4f09b7978c0c0f2230a3d5114d2ea9dc/resources/frontend-out/order-history-demo/__next._tree.txt
/home/gurkirat/flocafe-matrix-tmp/tmp/appimage_extracted_4f09b7978c0c0f2230a3d5114d2ea9dc/resources/frontend-out/order-history-demo/index.html
/home/gurkirat/flocafe-matrix-tmp/tmp/appimage_extracted_4f09b7978c0c0f2230a3d5114d2ea9dc/resources/frontend-out/order-history-demo/index.txt
/home/gurkirat/flocafe-matrix-tmp/tmp/appimage_extracted_4f09b7978c0c0f2230a3d5114d2ea9dc/resources/frontend-out/orders
/home/gurkirat/flocafe-matrix-tmp/tmp/appimage_extracted_4f09b7978c0c0f2230a3d5114d2ea9dc/resources/frontend-out/orders/.___next.!KGRhc2hib2FyZCk.orders.__PAGE__.txt
/home/gurkirat/flocafe-matrix-tmp/tmp/appimage_extracted_4f09b7978c0c0f2230a3d5114d2ea9dc/resources/frontend-out/orders/.___next._full.txt
/home/gurkirat/flocafe-matrix-tmp/tmp/appimage_extracted_4f09b7978c0c0f2230a3d5114d2ea9dc/resources/frontend-out/orders/.___next._tree.txt
/home/gurkirat/flocafe-matrix-tmp/tmp/appimage_extracted_4f09b7978c0c0f2230a3d5114d2ea9dc/resources/frontend-out/orders/._index.html
/home/gurkirat/flocafe-matrix-tmp/tmp/appimage_extracted_4f09b7978c0c0f2230a3d5114d2ea9dc/resources/frontend-out/orders/._index.txt
/home/gurkirat/flocafe-matrix-tmp/tmp/appimage_extracted_4f09b7978c0c0f2230a3d5114d2ea9dc/resources/frontend-out/orders/__next.!KGRhc2hib2FyZCk.orders.__PAGE__.txt
/home/gurkirat/flocafe-matrix-tmp/tmp/appimage_extracted_4f09b7978c0c0f2230a3d5114d2ea9dc/resources/frontend-out/orders/__next._full.txt
/home/gurkirat/flocafe-matrix-tmp/tmp/appimage_extracted_4f09b7978c0c0f2230a3d5114d2ea9dc/resources/frontend-out/orders/__next._tree.txt
/home/gurkirat/flocafe-matrix-tmp/tmp/appimage_extracted_4f09b7978c0c0f2230a3d5114d2ea9dc/resources/frontend-out/orders/index.html
/home/gurkirat/flocafe-matrix-tmp/tmp/appimage_extracted_4f09b7978c0c0f2230a3d5114d2ea9dc/resources/frontend-out/orders/index.txt
/home/gurkirat/flocafe-matrix-tmp/tmp/appimage_extracted_4f09b7978c0c0f2230a3d5114d2ea9dc/resources/frontend-out/pos
/home/gurkirat/flocafe-matrix-tmp/tmp/appimage_extracted_4f09b7978c0c0f2230a3d5114d2ea9dc/resources/frontend-out/pos/.___next.!KGRhc2hib2FyZCk.pos.__PAGE__.txt
/home/gurkirat/flocafe-matrix-tmp/tmp/appimage_extracted_4f09b7978c0c0f2230a3d5114d2ea9dc/resources/frontend-out/pos/.___next._full.txt
/home/gurkirat/flocafe-matrix-tmp/tmp/appimage_extracted_4f09b7978c0c0f2230a3d5114d2ea9dc/resources/frontend-out/pos/.___next._tree.txt
/home/gurkirat/flocafe-matrix-tmp/tmp/appimage_extracted_4f09b7978c0c0f2230a3d5114d2ea9dc/resources/frontend-out/pos/._index.html
/home/gurkirat/flocafe-matrix-tmp/tmp/appimage_extracted_4f09b7978c0c0f2230a3d5114d2ea9dc/resources/frontend-out/pos/._index.txt
/home/gurkirat/flocafe-matrix-tmp/tmp/appimage_extracted_4f09b7978c0c0f2230a3d5114d2ea9dc/resources/frontend-out/pos/__next.!KGRhc2hib2FyZCk.pos.__PAGE__.txt
/home/gurkirat/flocafe-matrix-tmp/tmp/appimage_extracted_4f09b7978c0c0f2230a3d5114d2ea9dc/resources/frontend-out/pos/__next._full.txt
/home/gurkirat/flocafe-matrix-tmp/tmp/appimage_extracted_4f09b7978c0c0f2230a3d5114d2ea9dc/resources/frontend-out/pos/__next._tree.txt
/home/gurkirat/flocafe-matrix-tmp/tmp/appimage_extracted_4f09b7978c0c0f2230a3d5114d2ea9dc/resources/frontend-out/pos/index.html
/home/gurkirat/flocafe-matrix-tmp/tmp/appimage_extracted_4f09b7978c0c0f2230a3d5114d2ea9dc/resources/frontend-out/pos/index.txt
/home/gurkirat/flocafe-matrix-tmp/tmp/appimage_extracted_4f09b7978c0c0f2230a3d5114d2ea9dc/resources/frontend-out/print-test
/home/gurkirat/flocafe-matrix-tmp/tmp/appimage_extracted_4f09b7978c0c0f2230a3d5114d2ea9dc/resources/frontend-out/print-test/.___next.!KGRhc2hib2FyZCk.print-test.__PAGE__.txt
/home/gurkirat/flocafe-matrix-tmp/tmp/appimage_extracted_4f09b7978c0c0f2230a3d5114d2ea9dc/resources/frontend-out/print-test/.___next._full.txt
/home/gurkirat/flocafe-matrix-tmp/tmp/appimage_extracted_4f09b7978c0c0f2230a3d5114d2ea9dc/resources/frontend-out/print-test/.___next._tree.txt
/home/gurkirat/flocafe-matrix-tmp/tmp/appimage_extracted_4f09b7978c0c0f2230a3d5114d2ea9dc/resources/frontend-out/print-test/._index.html
/home/gurkirat/flocafe-matrix-tmp/tmp/appimage_extracted_4f09b7978c0c0f2230a3d5114d2ea9dc/resources/frontend-out/print-test/._index.txt
/home/gurkirat/flocafe-matrix-tmp/tmp/appimage_extracted_4f09b7978c0c0f2230a3d5114d2ea9dc/resources/frontend-out/print-test/__next.!KGRhc2hib2FyZCk.print-test.__PAGE__.txt
/home/gurkirat/flocafe-matrix-tmp/tmp/appimage_extracted_4f09b7978c0c0f2230a3d5114d2ea9dc/resources/frontend-out/print-test/__next._full.txt
/home/gurkirat/flocafe-matrix-tmp/tmp/appimage_extracted_4f09b7978c0c0f2230a3d5114d2ea9dc/resources/frontend-out/print-test/__next._tree.txt
/home/gurkirat/flocafe-matrix-tmp/tmp/appimage_extracted_4f09b7978c0c0f2230a3d5114d2ea9dc/resources/frontend-out/print-test/index.html
/home/gurkirat/flocafe-matrix-tmp/tmp/appimage_extracted_4f09b7978c0c0f2230a3d5114d2ea9dc/resources/frontend-out/print-test/index.txt
/home/gurkirat/flocafe-matrix-tmp/tmp/appimage_extracted_4f09b7978c0c0f2230a3d5114d2ea9dc/resources/frontend-out/products
/home/gurkirat/flocafe-matrix-tmp/tmp/appimage_extracted_4f09b7978c0c0f2230a3d5114d2ea9dc/resources/frontend-out/products/.___next.!KGRhc2hib2FyZCk.products.__PAGE__.txt
/home/gurkirat/flocafe-matrix-tmp/tmp/appimage_extracted_4f09b7978c0c0f2230a3d5114d2ea9dc/resources/frontend-out/products/.___next._full.txt
/home/gurkirat/flocafe-matrix-tmp/tmp/appimage_extracted_4f09b7978c0c0f2230a3d5114d2ea9dc/resources/frontend-out/products/.___next._tree.txt
/home/gurkirat/flocafe-matrix-tmp/tmp/appimage_extracted_4f09b7978c0c0f2230a3d5114d2ea9dc/resources/frontend-out/products/._index.html
/home/gurkirat/flocafe-matrix-tmp/tmp/appimage_extracted_4f09b7978c0c0f2230a3d5114d2ea9dc/resources/frontend-out/products/._index.txt
/home/gurkirat/flocafe-matrix-tmp/tmp/appimage_extracted_4f09b7978c0c0f2230a3d5114d2ea9dc/resources/frontend-out/products/__next.!KGRhc2hib2FyZCk.products.__PAGE__.txt
/home/gurkirat/flocafe-matrix-tmp/tmp/appimage_extracted_4f09b7978c0c0f2230a3d5114d2ea9dc/resources/frontend-out/products/__next._full.txt
/home/gurkirat/flocafe-matrix-tmp/tmp/appimage_extracted_4f09b7978c0c0f2230a3d5114d2ea9dc/resources/frontend-out/products/__next._tree.txt
/home/gurkirat/flocafe-matrix-tmp/tmp/appimage_extracted_4f09b7978c0c0f2230a3d5114d2ea9dc/resources/frontend-out/products/index.html
/home/gurkirat/flocafe-matrix-tmp/tmp/appimage_extracted_4f09b7978c0c0f2230a3d5114d2ea9dc/resources/frontend-out/products/index.txt
/home/gurkirat/flocafe-matrix-tmp/tmp/appimage_extracted_4f09b7978c0c0f2230a3d5114d2ea9dc/resources/frontend-out/server-standalone
/home/gurkirat/flocafe-matrix-tmp/tmp/appimage_extracted_4f09b7978c0c0f2230a3d5114d2ea9dc/resources/frontend-out/server-standalone/.___next._full.txt
/home/gurkirat/flocafe-matrix-tmp/tmp/appimage_extracted_4f09b7978c0c0f2230a3d5114d2ea9dc/resources/frontend-out/server-standalone/.___next._tree.txt
/home/gurkirat/flocafe-matrix-tmp/tmp/appimage_extracted_4f09b7978c0c0f2230a3d5114d2ea9dc/resources/frontend-out/server-standalone/.___next.server-standalone.__PAGE__.txt
/home/gurkirat/flocafe-matrix-tmp/tmp/appimage_extracted_4f09b7978c0c0f2230a3d5114d2ea9dc/resources/frontend-out/server-standalone/._index.html
/home/gurkirat/flocafe-matrix-tmp/tmp/appimage_extracted_4f09b7978c0c0f2230a3d5114d2ea9dc/resources/frontend-out/server-standalone/._index.txt
/home/gurkirat/flocafe-matrix-tmp/tmp/appimage_extracted_4f09b7978c0c0f2230a3d5114d2ea9dc/resources/frontend-out/server-standalone/__next._full.txt
/home/gurkirat/flocafe-matrix-tmp/tmp/appimage_extracted_4f09b7978c0c0f2230a3d5114d2ea9dc/resources/frontend-out/server-standalone/__next._tree.txt
/home/gurkirat/flocafe-matrix-tmp/tmp/appimage_extracted_4f09b7978c0c0f2230a3d5114d2ea9dc/resources/frontend-out/server-standalone/__next.server-standalone.__PAGE__.txt
/home/gurkirat/flocafe-matrix-tmp/tmp/appimage_extracted_4f09b7978c0c0f2230a3d5114d2ea9dc/resources/frontend-out/server-standalone/index.html
/home/gurkirat/flocafe-matrix-tmp/tmp/appimage_extracted_4f09b7978c0c0f2230a3d5114d2ea9dc/resources/frontend-out/server-standalone/index.txt
/home/gurkirat/flocafe-matrix-tmp/tmp/appimage_extracted_4f09b7978c0c0f2230a3d5114d2ea9dc/resources/frontend-out/settings
/home/gurkirat/flocafe-matrix-tmp/tmp/appimage_extracted_4f09b7978c0c0f2230a3d5114d2ea9dc/resources/frontend-out/settings/.___next.!KGRhc2hib2FyZCk.settings.__PAGE__.txt
/home/gurkirat/flocafe-matrix-tmp/tmp/appimage_extracted_4f09b7978c0c0f2230a3d5114d2ea9dc/resources/frontend-out/settings/.___next._full.txt
/home/gurkirat/flocafe-matrix-tmp/tmp/appimage_extracted_4f09b7978c0c0f2230a3d5114d2ea9dc/resources/frontend-out/settings/.___next._tree.txt
/home/gurkirat/flocafe-matrix-tmp/tmp/appimage_extracted_4f09b7978c0c0f2230a3d5114d2ea9dc/resources/frontend-out/settings/._index.html
/home/gurkirat/flocafe-matrix-tmp/tmp/appimage_extracted_4f09b7978c0c0f2230a3d5114d2ea9dc/resources/frontend-out/settings/._index.txt
/home/gurkirat/flocafe-matrix-tmp/tmp/appimage_extracted_4f09b7978c0c0f2230a3d5114d2ea9dc/resources/frontend-out/settings/__next.!KGRhc2hib2FyZCk.settings.__PAGE__.txt
/home/gurkirat/flocafe-matrix-tmp/tmp/appimage_extracted_4f09b7978c0c0f2230a3d5114d2ea9dc/resources/frontend-out/settings/__next._full.txt
/home/gurkirat/flocafe-matrix-tmp/tmp/appimage_extracted_4f09b7978c0c0f2230a3d5114d2ea9dc/resources/frontend-out/settings/__next._tree.txt
/home/gurkirat/flocafe-matrix-tmp/tmp/appimage_extracted_4f09b7978c0c0f2230a3d5114d2ea9dc/resources/frontend-out/settings/index.html
/home/gurkirat/flocafe-matrix-tmp/tmp/appimage_extracted_4f09b7978c0c0f2230a3d5114d2ea9dc/resources/frontend-out/settings/index.txt
/home/gurkirat/flocafe-matrix-tmp/tmp/appimage_extracted_4f09b7978c0c0f2230a3d5114d2ea9dc/resources/frontend-out/setup
/home/gurkirat/flocafe-matrix-tmp/tmp/appimage_extracted_4f09b7978c0c0f2230a3d5114d2ea9dc/resources/frontend-out/setup/.___next._full.txt
/home/gurkirat/flocafe-matrix-tmp/tmp/appimage_extracted_4f09b7978c0c0f2230a3d5114d2ea9dc/resources/frontend-out/setup/.___next._tree.txt
/home/gurkirat/flocafe-matrix-tmp/tmp/appimage_extracted_4f09b7978c0c0f2230a3d5114d2ea9dc/resources/frontend-out/setup/.___next.setup.__PAGE__.txt
/home/gurkirat/flocafe-matrix-tmp/tmp/appimage_extracted_4f09b7978c0c0f2230a3d5114d2ea9dc/resources/frontend-out/setup/._index.html
/home/gurkirat/flocafe-matrix-tmp/tmp/appimage_extracted_4f09b7978c0c0f2230a3d5114d2ea9dc/resources/frontend-out/setup/._index.txt
/home/gurkirat/flocafe-matrix-tmp/tmp/appimage_extracted_4f09b7978c0c0f2230a3d5114d2ea9dc/resources/frontend-out/setup/__next._full.txt
/home/gurkirat/flocafe-matrix-tmp/tmp/appimage_extracted_4f09b7978c0c0f2230a3d5114d2ea9dc/resources/frontend-out/setup/__next._tree.txt
/home/gurkirat/flocafe-matrix-tmp/tmp/appimage_extracted_4f09b7978c0c0f2230a3d5114d2ea9dc/resources/frontend-out/setup/__next.setup.__PAGE__.txt
/home/gurkirat/flocafe-matrix-tmp/tmp/appimage_extracted_4f09b7978c0c0f2230a3d5114d2ea9dc/resources/frontend-out/setup/index.html
/home/gurkirat/flocafe-matrix-tmp/tmp/appimage_extracted_4f09b7978c0c0f2230a3d5114d2ea9dc/resources/frontend-out/setup/index.txt
/home/gurkirat/flocafe-matrix-tmp/tmp/appimage_extracted_4f09b7978c0c0f2230a3d5114d2ea9dc/resources/frontend-out/staff
/home/gurkirat/flocafe-matrix-tmp/tmp/appimage_extracted_4f09b7978c0c0f2230a3d5114d2ea9dc/resources/frontend-out/staff/.___next.!KGRhc2hib2FyZCk.staff.__PAGE__.txt
/home/gurkirat/flocafe-matrix-tmp/tmp/appimage_extracted_4f09b7978c0c0f2230a3d5114d2ea9dc/resources/frontend-out/staff/.___next._full.txt
/home/gurkirat/flocafe-matrix-tmp/tmp/appimage_extracted_4f09b7978c0c0f2230a3d5114d2ea9dc/resources/frontend-out/staff/.___next._tree.txt
/home/gurkirat/flocafe-matrix-tmp/tmp/appimage_extracted_4f09b7978c0c0f2230a3d5114d2ea9dc/resources/frontend-out/staff/._index.html
/home/gurkirat/flocafe-matrix-tmp/tmp/appimage_extracted_4f09b7978c0c0f2230a3d5114d2ea9dc/resources/frontend-out/staff/._index.txt
/home/gurkirat/flocafe-matrix-tmp/tmp/appimage_extracted_4f09b7978c0c0f2230a3d5114d2ea9dc/resources/frontend-out/staff/__next.!KGRhc2hib2FyZCk.staff.__PAGE__.txt
/home/gurkirat/flocafe-matrix-tmp/tmp/appimage_extracted_4f09b7978c0c0f2230a3d5114d2ea9dc/resources/frontend-out/staff/__next._full.txt
/home/gurkirat/flocafe-matrix-tmp/tmp/appimage_extracted_4f09b7978c0c0f2230a3d5114d2ea9dc/resources/frontend-out/staff/__next._tree.txt
/home/gurkirat/flocafe-matrix-tmp/tmp/appimage_extracted_4f09b7978c0c0f2230a3d5114d2ea9dc/resources/frontend-out/staff/index.html
/home/gurkirat/flocafe-matrix-tmp/tmp/appimage_extracted_4f09b7978c0c0f2230a3d5114d2ea9dc/resources/frontend-out/staff/index.txt
/home/gurkirat/flocafe-matrix-tmp/tmp/appimage_extracted_4f09b7978c0c0f2230a3d5114d2ea9dc/resources/frontend-out/support
/home/gurkirat/flocafe-matrix-tmp/tmp/appimage_extracted_4f09b7978c0c0f2230a3d5114d2ea9dc/resources/frontend-out/support/.___next.!KGRhc2hib2FyZCk.support.__PAGE__.txt
/home/gurkirat/flocafe-matrix-tmp/tmp/appimage_extracted_4f09b7978c0c0f2230a3d5114d2ea9dc/resources/frontend-out/support/.___next._full.txt
/home/gurkirat/flocafe-matrix-tmp/tmp/appimage_extracted_4f09b7978c0c0f2230a3d5114d2ea9dc/resources/frontend-out/support/.___next._tree.txt
/home/gurkirat/flocafe-matrix-tmp/tmp/appimage_extracted_4f09b7978c0c0f2230a3d5114d2ea9dc/resources/frontend-out/support/._index.html
/home/gurkirat/flocafe-matrix-tmp/tmp/appimage_extracted_4f09b7978c0c0f2230a3d5114d2ea9dc/resources/frontend-out/support/._index.txt
/home/gurkirat/flocafe-matrix-tmp/tmp/appimage_extracted_4f09b7978c0c0f2230a3d5114d2ea9dc/resources/frontend-out/support/__next.!KGRhc2hib2FyZCk.support.__PAGE__.txt
/home/gurkirat/flocafe-matrix-tmp/tmp/appimage_extracted_4f09b7978c0c0f2230a3d5114d2ea9dc/resources/frontend-out/support/__next._full.txt
/home/gurkirat/flocafe-matrix-tmp/tmp/appimage_extracted_4f09b7978c0c0f2230a3d5114d2ea9dc/resources/frontend-out/support/__next._tree.txt
/home/gurkirat/flocafe-matrix-tmp/tmp/appimage_extracted_4f09b7978c0c0f2230a3d5114d2ea9dc/resources/frontend-out/support/index.html
/home/gurkirat/flocafe-matrix-tmp/tmp/appimage_extracted_4f09b7978c0c0f2230a3d5114d2ea9dc/resources/frontend-out/support/index.txt
/home/gurkirat/flocafe-matrix-tmp/tmp/appimage_extracted_4f09b7978c0c0f2230a3d5114d2ea9dc/resources/frontend-out/sw.js
/home/gurkirat/flocafe-matrix-tmp/tmp/appimage_extracted_4f09b7978c0c0f2230a3d5114d2ea9dc/resources/frontend-out/tables
/home/gurkirat/flocafe-matrix-tmp/tmp/appimage_extracted_4f09b7978c0c0f2230a3d5114d2ea9dc/resources/frontend-out/tables/.___next.!KGRhc2hib2FyZCk.tables.__PAGE__.txt
/home/gurkirat/flocafe-matrix-tmp/tmp/appimage_extracted_4f09b7978c0c0f2230a3d5114d2ea9dc/resources/frontend-out/tables/.___next._full.txt
/home/gurkirat/flocafe-matrix-tmp/tmp/appimage_extracted_4f09b7978c0c0f2230a3d5114d2ea9dc/resources/frontend-out/tables/.___next._tree.txt
/home/gurkirat/flocafe-matrix-tmp/tmp/appimage_extracted_4f09b7978c0c0f2230a3d5114d2ea9dc/resources/frontend-out/tables/._index.html
/home/gurkirat/flocafe-matrix-tmp/tmp/appimage_extracted_4f09b7978c0c0f2230a3d5114d2ea9dc/resources/frontend-out/tables/._index.txt
/home/gurkirat/flocafe-matrix-tmp/tmp/appimage_extracted_4f09b7978c0c0f2230a3d5114d2ea9dc/resources/frontend-out/tables/__next.!KGRhc2hib2FyZCk.tables.__PAGE__.txt
/home/gurkirat/flocafe-matrix-tmp/tmp/appimage_extracted_4f09b7978c0c0f2230a3d5114d2ea9dc/resources/frontend-out/tables/__next._full.txt
/home/gurkirat/flocafe-matrix-tmp/tmp/appimage_extracted_4f09b7978c0c0f2230a3d5114d2ea9dc/resources/frontend-out/tables/__next._tree.txt
/home/gurkirat/flocafe-matrix-tmp/tmp/appimage_extracted_4f09b7978c0c0f2230a3d5114d2ea9dc/resources/frontend-out/tables/index.html
/home/gurkirat/flocafe-matrix-tmp/tmp/appimage_extracted_4f09b7978c0c0f2230a3d5114d2ea9dc/resources/frontend-out/tables/index.txt
/home/gurkirat/flocafe-matrix-tmp/tmp/appimage_extracted_4f09b7978c0c0f2230a3d5114d2ea9dc/resources/frontend-out/vercel.svg
/home/gurkirat/flocafe-matrix-tmp/tmp/appimage_extracted_4f09b7978c0c0f2230a3d5114d2ea9dc/resources/frontend-out/whatsapp
/home/gurkirat/flocafe-matrix-tmp/tmp/appimage_extracted_4f09b7978c0c0f2230a3d5114d2ea9dc/resources/frontend-out/whatsapp/.___next.!KGRhc2hib2FyZCk.whatsapp.__PAGE__.txt
/home/gurkirat/flocafe-matrix-tmp/tmp/appimage_extracted_4f09b7978c0c0f2230a3d5114d2ea9dc/resources/frontend-out/whatsapp/.___next._full.txt
/home/gurkirat/flocafe-matrix-tmp/tmp/appimage_extracted_4f09b7978c0c0f2230a3d5114d2ea9dc/resources/frontend-out/whatsapp/.___next._tree.txt
/home/gurkirat/flocafe-matrix-tmp/tmp/appimage_extracted_4f09b7978c0c0f2230a3d5114d2ea9dc/resources/frontend-out/whatsapp/._index.html
/home/gurkirat/flocafe-matrix-tmp/tmp/appimage_extracted_4f09b7978c0c0f2230a3d5114d2ea9dc/resources/frontend-out/whatsapp/._index.txt
/home/gurkirat/flocafe-matrix-tmp/tmp/appimage_extracted_4f09b7978c0c0f2230a3d5114d2ea9dc/resources/frontend-out/whatsapp/__next.!KGRhc2hib2FyZCk.whatsapp.__PAGE__.txt
/home/gurkirat/flocafe-matrix-tmp/tmp/appimage_extracted_4f09b7978c0c0f2230a3d5114d2ea9dc/resources/frontend-out/whatsapp/__next._full.txt
/home/gurkirat/flocafe-matrix-tmp/tmp/appimage_extracted_4f09b7978c0c0f2230a3d5114d2ea9dc/resources/frontend-out/whatsapp/__next._tree.txt
/home/gurkirat/flocafe-matrix-tmp/tmp/appimage_extracted_4f09b7978c0c0f2230a3d5114d2ea9dc/resources/frontend-out/whatsapp/index.html
/home/gurkirat/flocafe-matrix-tmp/tmp/appimage_extracted_4f09b7978c0c0f2230a3d5114d2ea9dc/resources/frontend-out/whatsapp/index.txt
/home/gurkirat/flocafe-matrix-tmp/tmp/appimage_extracted_4f09b7978c0c0f2230a3d5114d2ea9dc/resources/frontend-out/window.svg
/home/gurkirat/flocafe-matrix-tmp/tmp/appimage_extracted_4f09b7978c0c0f2230a3d5114d2ea9dc/resources.pak
/home/gurkirat/flocafe-matrix-tmp/tmp/appimage_extracted_4f09b7978c0c0f2230a3d5114d2ea9dc/share
/home/gurkirat/flocafe-matrix-tmp/tmp/appimage_extracted_4f09b7978c0c0f2230a3d5114d2ea9dc/share/metainfo
/home/gurkirat/flocafe-matrix-tmp/tmp/appimage_extracted_4f09b7978c0c0f2230a3d5114d2ea9dc/share/metainfo/com.flo.desktop.metainfo.xml
/home/gurkirat/flocafe-matrix-tmp/tmp/appimage_extracted_4f09b7978c0c0f2230a3d5114d2ea9dc/snapshot_blob.bin
/home/gurkirat/flocafe-matrix-tmp/tmp/appimage_extracted_4f09b7978c0c0f2230a3d5114d2ea9dc/usr
/home/gurkirat/flocafe-matrix-tmp/tmp/appimage_extracted_4f09b7978c0c0f2230a3d5114d2ea9dc/usr/lib
/home/gurkirat/flocafe-matrix-tmp/tmp/appimage_extracted_4f09b7978c0c0f2230a3d5114d2ea9dc/usr/lib/libXss.so.1
/home/gurkirat/flocafe-matrix-tmp/tmp/appimage_extracted_4f09b7978c0c0f2230a3d5114d2ea9dc/usr/lib/libXtst.so.6
/home/gurkirat/flocafe-matrix-tmp/tmp/appimage_extracted_4f09b7978c0c0f2230a3d5114d2ea9dc/usr/lib/libappindicator.so.1
/home/gurkirat/flocafe-matrix-tmp/tmp/appimage_extracted_4f09b7978c0c0f2230a3d5114d2ea9dc/usr/lib/libgconf-2.so.4
/home/gurkirat/flocafe-matrix-tmp/tmp/appimage_extracted_4f09b7978c0c0f2230a3d5114d2ea9dc/usr/lib/libindicator.so.7
/home/gurkirat/flocafe-matrix-tmp/tmp/appimage_extracted_4f09b7978c0c0f2230a3d5114d2ea9dc/usr/lib/libnotify.so.4
/home/gurkirat/flocafe-matrix-tmp/tmp/appimage_extracted_4f09b7978c0c0f2230a3d5114d2ea9dc/usr/share
/home/gurkirat/flocafe-matrix-tmp/tmp/appimage_extracted_4f09b7978c0c0f2230a3d5114d2ea9dc/usr/share/icons
/home/gurkirat/flocafe-matrix-tmp/tmp/appimage_extracted_4f09b7978c0c0f2230a3d5114d2ea9dc/usr/share/icons/._hicolor
/home/gurkirat/flocafe-matrix-tmp/tmp/appimage_extracted_4f09b7978c0c0f2230a3d5114d2ea9dc/usr/share/icons/hicolor
/home/gurkirat/flocafe-matrix-tmp/tmp/appimage_extracted_4f09b7978c0c0f2230a3d5114d2ea9dc/usr/share/icons/hicolor/._128x128
/home/gurkirat/flocafe-matrix-tmp/tmp/appimage_extracted_4f09b7978c0c0f2230a3d5114d2ea9dc/usr/share/icons/hicolor/._16x16
/home/gurkirat/flocafe-matrix-tmp/tmp/appimage_extracted_4f09b7978c0c0f2230a3d5114d2ea9dc/usr/share/icons/hicolor/._256x256
/home/gurkirat/flocafe-matrix-tmp/tmp/appimage_extracted_4f09b7978c0c0f2230a3d5114d2ea9dc/usr/share/icons/hicolor/._32x32
/home/gurkirat/flocafe-matrix-tmp/tmp/appimage_extracted_4f09b7978c0c0f2230a3d5114d2ea9dc/usr/share/icons/hicolor/._512x512
/home/gurkirat/flocafe-matrix-tmp/tmp/appimage_extracted_4f09b7978c0c0f2230a3d5114d2ea9dc/usr/share/icons/hicolor/._64x64
/home/gurkirat/flocafe-matrix-tmp/tmp/appimage_extracted_4f09b7978c0c0f2230a3d5114d2ea9dc/usr/share/icons/hicolor/128x128
/home/gurkirat/flocafe-matrix-tmp/tmp/appimage_extracted_4f09b7978c0c0f2230a3d5114d2ea9dc/usr/share/icons/hicolor/128x128/._apps
/home/gurkirat/flocafe-matrix-tmp/tmp/appimage_extracted_4f09b7978c0c0f2230a3d5114d2ea9dc/usr/share/icons/hicolor/128x128/apps
/home/gurkirat/flocafe-matrix-tmp/tmp/appimage_extracted_4f09b7978c0c0f2230a3d5114d2ea9dc/usr/share/icons/hicolor/128x128/apps/._flocafe.png
/home/gurkirat/flocafe-matrix-tmp/tmp/appimage_extracted_4f09b7978c0c0f2230a3d5114d2ea9dc/usr/share/icons/hicolor/128x128/apps/flocafe.png
/home/gurkirat/flocafe-matrix-tmp/tmp/appimage_extracted_4f09b7978c0c0f2230a3d5114d2ea9dc/usr/share/icons/hicolor/16x16
/home/gurkirat/flocafe-matrix-tmp/tmp/appimage_extracted_4f09b7978c0c0f2230a3d5114d2ea9dc/usr/share/icons/hicolor/16x16/._apps
/home/gurkirat/flocafe-matrix-tmp/tmp/appimage_extracted_4f09b7978c0c0f2230a3d5114d2ea9dc/usr/share/icons/hicolor/16x16/apps
/home/gurkirat/flocafe-matrix-tmp/tmp/appimage_extracted_4f09b7978c0c0f2230a3d5114d2ea9dc/usr/share/icons/hicolor/16x16/apps/._flocafe.png
/home/gurkirat/flocafe-matrix-tmp/tmp/appimage_extracted_4f09b7978c0c0f2230a3d5114d2ea9dc/usr/share/icons/hicolor/16x16/apps/flocafe.png
/home/gurkirat/flocafe-matrix-tmp/tmp/appimage_extracted_4f09b7978c0c0f2230a3d5114d2ea9dc/usr/share/icons/hicolor/24x24
/home/gurkirat/flocafe-matrix-tmp/tmp/appimage_extracted_4f09b7978c0c0f2230a3d5114d2ea9dc/usr/share/icons/hicolor/24x24/apps
/home/gurkirat/flocafe-matrix-tmp/tmp/appimage_extracted_4f09b7978c0c0f2230a3d5114d2ea9dc/usr/share/icons/hicolor/24x24/apps/flocafe.png
/home/gurkirat/flocafe-matrix-tmp/tmp/appimage_extracted_4f09b7978c0c0f2230a3d5114d2ea9dc/usr/share/icons/hicolor/256x256
/home/gurkirat/flocafe-matrix-tmp/tmp/appimage_extr[Log] Log files location: /home/gurkirat/flocafe-matrix-tmp/run-home/.config/flo-desktop/logs/
[3365660:0824/141745.053012:ERROR:dbus/bus.cc:405] Failed to connect to the bus: Could not parse server address: Unknown address type (examples of valid types are "tcp" and on UNIX "unix")
[Flo] Initializing...
[Flo] Initializing database...
[DB] Opening database at: /home/gurkirat/flocafe-matrix-tmp/run-home/.config/flo-desktop/flo.db
[DB] Schema: v0 → v74
[DB] Triggering auto-backup before migrating v0 → v74...
[DB] Auto-backup before migrating v0 → v74 created at /home/gurkirat/flocafe-matrix-tmp/run-home/.config/flo-desktop/backups/flo-backup-2026-08-24T18-17-45-083Z-pre-v0-to-v74.db
[DB] Applying migration v1: initial_schema
[DB] Install defaults loaded; first-run setup pending
[DB] Migration v1 complete
[DB] Applying migration v2: hash_plaintext_pins
[DB] Migration v2 complete
[DB] Applying migration v3: cloud_identity_and_outbox
[DB] Migration v3 complete
[DB] Applying migration v4: add_notes_limits_settings
[DB] Migration v4 complete
[DB] Applying migration v5: add_print_logs_table
[DB] Migration v5 complete
[DB] Applying migration v6: add_loyalty_settings
[DB] Migration v6 complete
[DB] Applying migration v7: add_discount_settings
[DB] Migration v7 complete
[DB] Applying migration v8: add_loyalty_index
[DB] Migration v8 complete
[DB] Applying migration v9: add_sequences_table
[DB] Migration v9 complete
[DB] Applying migration v10: fix_sequences_composite_key
[DB] Migration v10 complete
[DB] Applying migration v11: first_run_setup_uses_welcome_form
[DB] Migration v11 complete
[DB] Applying migration v12: fix_table_integer_ids
[DB] Migration v12 complete
[DB] Applying migration v13: fix_null_table_ids
[DB] Migration v13 complete
[DB] Applying migration v14: simplify_loyalty_settings
[DB] Migration v14 complete
[DB] Applying migration v15: add_instagram_handle_setting
[DB] Migration v15 complete
[DB] Applying migration v16: add_terms_accepted_at_to_users
[DB] Migration v16 complete
[DB] Applying migration v17: add_held_orders_table
[DB] Migration v17 complete
[DB] Applying migration v18: fix_null_category_ids
[DB] Migration v18 complete
[DB] Applying migration v19: backfill_product_cb_percent_and_tags
[DB] Migration v19 complete
[DB] Applying migration v20: add_tables_is_active
[DB] Migration v20 complete
[DB] Applying migration v21: clear_legacy_loyalty_expiry
[DB] Migration v21 complete
[DB] Applying migration v22: add_customers_phone_digits
[DB] Migration v22 complete
[DB] Applying migration v23: normalize_customer_phones
[MIGRATION v23] normalized: 0, unparseable: 0
[MIGRATION v23] merged 0 duplicate customer(s)
[MIGRATION v23] verification: 0 customers, 0 still non-E.164
[DB] Migration v23 complete
[DB] Applying migration v24: normalize_customer_phones_retry
[MIGRATION v24] normalized: 0, unparseable: 0
[DB] Migration v24 complete
[DB] Applying migration v25: add_order_item_addons_table
[MIGRATION v25] backfilled addons for 0 order items (0 unparseable, skipped)
[DB] Migration v25 complete
[DB] Applying migration v26: add_kds_default_view
[DB] Migration v26 complete
[DB] Applying migration v27: add_station_printer_link_and_user_stations
[DB] Migration v27 complete
[DB] Applying migration v28: seed_telemetry_settings
[DB] Migration v28 complete
[DB] Applying migration v29: whatsapp_messaging
[DB] Migration v29 complete
[DB] Applying migration v30: drop_order_items_addons_json_column
[MIGRATION v30] backfilled 0 order_item(s) still missing a normalized addons snapshot
[MIGRATION v30] Dropped order_items.addons — order_item_addons is now the only place selected addons live.
[DB] Migration v30 complete
[DB] Applying migration v31: add_customers_tag_counts_column
[DB] Migration v31 complete
[DB] Applying migration v32: add_kds_and_kot_printing_toggles
[DB] Migration v32 complete
[DB] Applying migration v33: add_addon_groups_allow_multiple_quantities
[DB] Migration v33 complete
[DB] Applying migration v34: add_order_items_voided_at
[DB] Migration v34 complete
[DB] Applying migration v35: add_tax_pack_configuration_tables
[DB] Migration v35 complete
[DB] Applying migration v36: add_product_and_addon_tax_categories
[DB] Migration v36 complete
[DB] Applying migration v37: add_transaction_tax_snapshots_and_charge_categories
[DB] Migration v37 complete
[DB] Applying migration v38: register_bundled_tax_pack_versions
[DB] Migration v38 complete
[DB] Applying migration v39: add_users_tokens_valid_after
[DB] Migration v39 complete
[DB] Applying migration v40: v2_cloud_defaults_and_tax_toggle
[DB] Migration v40 complete
[DB] Applying migration v41: support_ticket_outbox
[DB] Migration v41 complete
[DB] Applying migration v42: add_global_cashback_percent
[DB] Migration v42 complete
[DB] Applying migration v43: telemetry_default_on_for_new_installs
[DB] Migration v43 complete
[DB] Applying migration v44: store_diagnostics_outbox
[DB] Migration v44 complete
[DB] Applying migration v45: add_performance_indexes_and_normalize_timestamps
[DB] Migration v45 complete
[DB] Applying migration v46: normalize_cloud_enabled_flags_to_01
[DB] Migration v46 complete
[DB] Applying migration v47: store_diagnostics_enabled_by_default
[DB] Migration v47 complete
[DB] Applying migration v48: deactivate_reusable_demo_credentials
[DB] Migration v48 complete
[DB] Applying migration v49: add_payment_idempotency_records
[DB] Migration v49 complete
[DB] Applying migration v50: add_order_idempotency_records
[DB] Migration v50 complete
[DB] Applying migration v51: enforce_global_payment_transaction_refs
[DB] Migration v51 complete
[DB] Applying migration v52: restore_method_scoped_transaction_refs
[DB] Migration v52 complete
[DB] Applying migration v53: scope_idempotency_records_to_user
[DB] Migration v53 complete
[DB] Applying migration v54: repair_retry_ownership_and_payment_reference_history
[DB] Migration v54 complete
[DB] Applying migration v55: durable_token_revocations
[DB] Migration v55 complete
[DB] Applying migration v56: persist_station_assignment_scope
[DB] Migration v56 complete
[DB] Applying migration v57: rename_gstin_to_generic_tax_registration_number
[DB] Migration v57 complete
[DB] Applying migration v58: configurable_manual_payment_methods
[DB] Migration v58 complete
[DB] Applying migration v59: split_checks_by_item_quantity
[DB] Migration v59 complete
[DB] Applying migration v60: seed_split_checks_disabled_setting
[DB] Migration v60 complete
[DB] Applying migration v61: seed_server_app_enabled_setting
[DB] Migration v61 complete
[DB] Applying migration v62: normalize_cloud_last_error
[DB] Migration v62 complete
[DB] Applying migration v63: seed_printer_trim_decimals_setting
[DB] Migration v63 complete
[DB] Applying migration v64: drop_unused_printer_usb_device_path
[DB] Migration v64 complete
[DB] Applying migration v65: seed_bill_content_visibility_settings
[DB] Migration v65 complete
[DB] Applying migration v66: seed_bill_template_settings
[DB] Migration v66 complete
[DB] Applying migration v67: persist_order_item_inventory_deductions
[DB] Migration v67 complete
[DB] Applying migration v68: add_invoice_numbering_settings
[DB] Migration v68 complete
[DB] Applying migration v69: installed_plugin_print_templates
[DB] Migration v69 complete
[DB] Applying migration v70: rename_waiter_role_to_server
[DB] Migration v70 complete
[DB] Applying migration v71: repair_durable_token_revocations
[DB] Migration v71 complete
[DB] Applying migration v72: merchant_print_templates
[DB] Migration v72 complete
[DB] Applying migration v73: normalize_merchant_template_payloads
[MIGRATION v73] normalized 0 merchant template payload(s); 0 already canonical or left untouched
[DB] Migration v73 complete
[DB] Applying migration v74: add_country_packs_disclaimer_ack
[DB] Migration v74 complete
[DB] integrity_check: ok
[DB] foreign_key_check: clean
[Flo] Starting local server...
[Server] Serving frontend from: /home/gurkirat/flocafe-matrix-tmp/tmp/appimage_extracted_4f09b7978c0c0f2230a3d5114d2ea9dc/resources/frontend-out
[Server] HTTP server running on http://localhost:3111
[KDS] WebSocket server setup complete
[Server] KDS WebSocket running on ws://localhost:3111/kds
[Flo] Starting KDS server on port 3002...
[KDS Server] Serving static files from: /home/gurkirat/flocafe-matrix-tmp/tmp/appimage_extracted_4f09b7978c0c0f2230a3d5114d2ea9dc/resources/frontend-out
[KDS Server] HTTP server running on http://localhost:3112
[KDS] WebSocket server setup complete
[KDS Server] WebSocket running on ws://localhost:3112/kds
[Flo] Starting Server App on port 3003...
[Server App] Serving static files from: /home/gurkirat/flocafe-matrix-tmp/tmp/appimage_extracted_4f09b7978c0c0f2230a3d5114d2ea9dc/resources/frontend-out
[Server App] HTTP server running on http://localhost:3003
[Flo] Initializing WhatsApp service...
[Flo] Starting mDNS advertisement...
[mDNS] Advertising flo.local:3111  (IP fallback: http://192.168.1.50:3111)
[mDNS] KDS available at http://flo.local:3112  (IP fallback: http://192.168.1.50:3112)
[mDNS] Server App available at http://flo.local:3003  (IP fallback: http://192.168.1.50:3003)
[Flo] Initializing printer...
[Printer] No default printer configured
[Flo] Registering IPC handlers...
[IPC] Handlers registered
[Flo] Creating window...
14:17:45.193 › [Flo] Electron version marker (none) -> 43.4.1; cleared render caches to avoid a stale-cache crash loop.
[3365660:0824/141745.202809:ERROR:dbus/bus.cc:405] Failed to connect to the bus: Could not parse server address: Unknown address type (examples of valid types are "tcp" and on UNIX "unix")
[3365660:0824/141745.221505:ERROR:dbus/bus.cc:405] Failed to connect to the bus: Could not parse server address: Unknown address type (examples of valid types are "tcp" and on UNIX "unix")
[Tray] Linux tray created
[3365660:0824/141745.223544:ERROR:dbus/bus.cc:405] Failed to connect to the bus: Could not parse server address: Unknown address type (examples of valid types are "tcp" and on UNIX "unix")
[Flo] Ready!
[3365660:0824/141745.228767:ERROR:dbus/object_proxy.cc:572] Failed to call method: org.freedesktop.DBus.NameHasOwner: object_path= /org/freedesktop/DBus: unknown error type: 
[3365660:0824/141745.228861:ERROR:dbus/bus.cc:405] Failed to connect to the bus: Could not parse server address: Unknown address type (examples of valid types are "tcp" and on UNIX "unix")
[3365660:0824/141745.239306:ERROR:dbus/object_proxy.cc:572] Failed to call method: org.freedesktop.DBus.NameHasOwner: object_path= /org/freedesktop/DBus: unknown error type: 
14:17:50.227 › [Update] Status change: not-checked-yet -> checking
14:17:50.231 › Checking for update
[Update] Checking for updates...
14:17:50.236 › Generated new staging user ID: d6214434-52ba-56de-a269-8c441bbd046d
14:17:51.062 › Error: Error: Cannot find latest-linux.yml in the latest release artifacts (https://github.com/FreeOpenSourcePOS/FloCafe/releases/download/3.3.0/latest-linux.yml): HttpError: 404 
"method: GET url: https://github.com/FreeOpenSourcePOS/FloCafe/releases/download/3.3.0/latest-linux.yml\n\nPlease double check that your authentication token is correct. Due to security reasons, actual status maybe not reported, but 404.\n"
Headers: {
  "cache-control": "no-cache",
  "content-encoding": "gzip",
  "content-length": "29",
  "content-security-policy": "default-src 'none'; base-uri 'self'; connect-src 'self'; form-action 'self'; img-src 'self' data:; script-src 'self'; style-src 'unsafe-inline'",
  "content-type": "text/plain; charset=utf-8",
  "date": "Mon, 24 Aug 2026 18:17:51 GMT",
  "referrer-policy": "no-referrer-when-downgrade",
  "server": "github.com",
  "strict-transport-security": "max-age=31536000; includeSubdomains; preload",
  "vary": "X-PJAX, X-PJAX-Container, Turbo-Visit, Turbo-Frame, X-Requested-With, X-GitHub-Client-Version, Sec-Fetch-Site,Accept-Encoding, Accept, X-Requested-With",
  "x-content-type-options": "nosniff",
  "x-frame-options": "deny",
  "x-github-edge-region": "iad",
  "x-github-request-id": "8E26:F69F5:A5B9A:D5022:6A8C8ACE",
  "x-xss-protection": "0"
}
    at createHttpError (/home/gurkirat/flocafe-matrix-tmp/tmp/appimage_extracted_4f09b7978c0c0f2230a3d5114d2ea9dc/resources/app.asar/node_modules/builder-util-runtime/out/httpExecutor.js:53:12)
    at ElectronHttpExecutor.handleResponse (/home/gurkirat/flocafe-matrix-tmp/tmp/appimage_extracted_4f09b7978c0c0f2230a3d5114d2ea9dc/resources/app.asar/node_modules/builder-util-runtime/out/httpExecutor.js:157:20)
    at ClientRequest.<anonymous> (/home/gurkirat/flocafe-matrix-tmp/tmp/appimage_extracted_4f09b7978c0c0f2230a3d5114d2ea9dc/resources/app.asar/node_modules/builder-util-runtime/out/httpExecutor.js:122:26)
    at ClientRequest.emit (node:events:509:28)
    at SimpleURLLoaderWrapper.<anonymous> (node:electron/js2c/browser_init:2:138295)
    at SimpleURLLoaderWrapper.emit (node:events:509:28)
    at newError (/home/gurkirat/flocafe-matrix-tmp/tmp/appimage_extracted_4f09b7978c0c0f2230a3d5114d2ea9dc/resources/app.asar/node_modules/builder-util-runtime/out/error.js:5:19)
    at fetchData (/home/gurkirat/flocafe-matrix-tmp/tmp/appimage_extracted_4f09b7978c0c0f2230a3d5114d2ea9dc/resources/app.asar/node_modules/electron-updater/out/providers/GitHubProvider.js:125:63)
    at async GitHubProvider.getLatestVersion (/home/gurkirat/flocafe-matrix-tmp/tmp/appimage_extracted_4f09b7978c0c0f2230a3d5114d2ea9dc/resources/app.asar/node_modules/electron-updater/out/providers/GitHubProvider.js:135:23)
    at async AppImageUpdater.getUpdateInfoAndProvider (/home/gurkirat/flocafe-matrix-tmp/tmp/appimage_extracted_4f09b7978c0c0f2230a3d5114d2ea9dc/resources/app.asar/node_modules/electron-updater/out/AppUpdater.js:389:19)
    at async AppImageUpdater.doCheckForUpdates (/home/gurkirat/flocafe-matrix-tmp/tmp/appimage_extracted_4f09b7978c0c0f2230a3d5114d2ea9dc/resources/app.asar/node_modules/electron-updater/out/AppUpdater.js:402:24)
14:17:51.064 › [Update] Updater error classified as check-failed/manifest-missing: Cannot find latest-linux.yml in the latest release artifacts (https://github.com/FreeOpenSourcePOS/FloCafe/releases/download/3.3.0/latest-linux.yml): HttpError: 404 
"method: GET url: https://github.com/FreeOpenSourcePOS/FloCafe/releases/download/3.3.0/latest-linux.yml\n\nPlease double check that your authentication token is correct. Due to security reasons, actual status maybe not reported, but 404.\n"
Headers: {
  "cache-control": "no-cache",
  "content-encoding": "gzip",
  "content-length": "29",
  "content-security-policy": "default-src 'none'; base-uri 'self'; connect-src 'self'; form-action 'self'; img-src 'self' data:; script-src 'self'; style-src 'unsafe-inline'",
  "content-type": "text/plain; charset=utf-8",
  "date": "Mon, 24 Aug 2026 18:17:51 GMT",
  "referrer-policy": "no-referrer-when-downgrade",
  "server": "github.com",
  "strict-transport-security": "max-age=31536000; includeSubdomains; preload",
  "vary": "X-PJAX, X-PJAX-Container, Turbo-Visit, Turbo-Frame, X-Requested-With, X-GitHub-Client-Version, Sec-Fetch-Site,Accept-Encoding, Accept, X-Requested-With",
  "x-content-type-options": "nosniff",
  "x-frame-options": "deny",
  "x-github-edge-region": "iad",
  "x-github-request-id": "8E26:F69F5:A5B9A:D5022:6A8C8ACE",
  "x-xss-protection": "0"
}
    at createHttpError (/home/gurkirat/flocafe-matrix-tmp/tmp/appimage_extracted_4f09b7978c0c0f2230a3d5114d2ea9dc/resources/app.asar/node_modules/builder-util-runtime/out/httpExecutor.js:53:12)
    at ElectronHttpExecutor.handleResponse (/home/gurkirat/flocafe-matrix-tmp/tmp/appimage_extracted_4f09b7978c0c0f2230a3d5114d2ea9dc/resources/app.asar/node_modules/builder-util-runtime/out/httpExecutor.js:157:20)
    at ClientRequest.<anonymous> (/home/gurkirat/flocafe-matrix-tmp/tmp/appimage_extracted_4f09b7978c0c0f2230a3d5114d2ea9dc/resources/app.asar/node_modules/builder-util-runtime/out/httpExecutor.js:122:26)
    at ClientRequest.emit (node:events:509:28)
    at SimpleURLLoaderWrapper.<anonymous> (node:electron/js2c/browser_init:2:138295)
    at SimpleURLLoaderWrapper.emit (node:events:509:28)
14:17:51.064 › [Update] Status change: checking -> check-failed (manifest-missing)
[Update] Check failed: Error: Cannot find latest-linux.yml in the latest release artifacts (https://github.com/FreeOpenSourcePOS/FloCafe/releases/download/3.3.0/latest-linux.yml): HttpError: 404 
"method: GET url: https://github.com/FreeOpenSourcePOS/FloCafe/releases/download/3.3.0/latest-linux.yml\n\nPlease double check that your authentication token is correct. Due to security reasons, actual status maybe not reported, but 404.\n"
Headers: {
  "cache-control": "no-cache",
  "content-encoding": "gzip",
  "content-length": "29",
  "content-security-policy": "default-src 'none'; base-uri 'self'; connect-src 'self'; form-action 'self'; img-src 'self' data:; script-src 'self'; style-src 'unsafe-inline'",
  "content-type": "text/plain; charset=utf-8",
  "date": "Mon, 24 Aug 2026 18:17:51 GMT",
  "referrer-policy": "no-referrer-when-downgrade",
  "server": "github.com",
  "strict-transport-security": "max-age=31536000; includeSubdomains; preload",
  "vary": "X-PJAX, X-PJAX-Container, Turbo-Visit, Turbo-Frame, X-Requested-With, X-GitHub-Client-Version, Sec-Fetch-Site,Accept-Encoding, Accept, X-Requested-With",
  "x-content-type-options": "nosniff",
  "x-frame-options": "deny",
  "x-github-edge-region": "iad",
  "x-github-request-id": "8E26:F69F5:A5B9A:D5022:6A8C8ACE",
  "x-xss-protection": "0"
}
    at createHttpError (/home/gurkirat/flocafe-matrix-tmp/tmp/appimage_extracted_4f09b7978c0c0f2230a3d5114d2ea9dc/resources/app.asar/node_modules/builder-util-runtime/out/httpExecutor.js:53:12)
    at ElectronHttpExecutor.handleResponse (/home/gurkirat/flocafe-matrix-tmp/tmp/appimage_extracted_4f09b7978c0c0f2230a3d5114d2ea9dc/resources/app.asar/node_modules/builder-util-runtime/out/httpExecutor.js:157:20)
    at ClientRequest.<anonymous> (/home/gurkirat/flocafe-matrix-tmp/tmp/appimage_extracted_4f09b7978c0c0f2230a3d5114d2ea9dc/resources/app.asar/node_modules/builder-util-runtime/out/httpExecutor.js:122:26)
    at ClientRequest.emit (node:events:509:28)
    at SimpleURLLoaderWrapper.<anonymous> (node:electron/js2c/browser_init:2:138295)
    at SimpleURLLoaderWrapper.emit (node:events:509:28)
    at newError (/home/gurkirat/flocafe-matrix-tmp/tmp/appimage_extracted_4f09b7978c0c0f2230a3d5114d2ea9dc/resources/app.asar/node_modules/builder-util-runtime/out/error.js:5:19)
    at fetchData (/home/gurkirat/flocafe-matrix-tmp/tmp/appimage_extracted_4f09b7978c0c0f2230a3d5114d2ea9dc/resources/app.asar/node_modules/electron-updater/out/providers/GitHubProvider.js:125:63)
    at async GitHubProvider.getLatestVersion (/home/gurkirat/flocafe-matrix-tmp/tmp/appimage_extracted_4f09b7978c0c0f2230a3d5114d2ea9dc/resources/app.asar/node_modules/electron-updater/out/providers/GitHubProvider.js:135:23)
    at async AppImageUpdater.getUpdateInfoAndProvider (/home/gurkirat/flocafe-matrix-tmp/tmp/appimage_extracted_4f09b7978c0c0f2230a3d5114d2ea9dc/resources/app.asar/node_modules/electron-updater/out/AppUpdater.js:389:19)
    at async AppImageUpdater.doCheckForUpdates (/home/gurkirat/flocafe-matrix-tmp/tmp/appimage_extracted_4f09b7978c0c0f2230a3d5114d2ea9dc/resources/app.asar/node_modules/electron-updater/out/AppUpdater.js:402:24) {
  code: 'ERR_UPDATER_CHANNEL_FILE_NOT_FOUND'
}
[Window] Renderer readiness FAIL-SAFE fired for epoch 3: the renderer never confirmed its window-control surface (getStatus rejected/hung, or the document failed to mount controls). Showing the window anyway - visible-without-controls beats invisible.
[Tax Packs] Plugin update check: all installed tax packs are up to date
[3365693:0824/141817.682464:ERROR:ui/gfx/x/connection.cc:66] X connection error received.
[3365693:0824/141817.682467:ERROR:ui/gfx/x/connection.cc:66] X connection error received.
